// Generated by tools/img2lvgl.py from tuna_logo.png - do not edit.
#include "lvgl.h"

static const LV_ATTRIBUTE_MEM_ALIGN uint8_t img_tuna_logo_map[] = {
  0xf2, 0x2a, 0x54, 0x33, 0x54, 0x33, 0x54, 0x33, 0x54, 0x33, 0x54, 0x33, 0x54, 0x33, 0x54, 0x33, 0x54, 0x33, 0x54, 0x33, 0x54, 0x33, 0x54, 0x33,
  0x54, 0x33, 0x54, 0x33, 0x74, 0x33, 0x74, 0x33, 0x74, 0x3b, 0x74, 0x3b, 0x94, 0x3b, 0x95, 0x3b, 0x95, 0x3b, 0x95, 0x3b, 0xb5, 0x43, 0xb5, 0x43,
  0xb5, 0x43, 0xd5, 0x43, 0xd5, 0x43, 0xd5, 0x43, 0xd5, 0x4b, 0xd5, 0x4b, 0xf5, 0x4b, 0xf5, 0x4b, 0xf5, 0x4b, 0x15, 0x4c, 0x15, 0x54, 0x16, 0x54,
  0x16, 0x54, 0x16, 0x54, 0x36, 0x54, 0x36, 0x54, 0x36, 0x5c, 0x56, 0x5c, 0x56, 0x5c, 0x56, 0x5c, 0x56, 0x5c, 0x56, 0x5c, 0x76, 0x64, 0x76, 0x64,
  0x76, 0x64, 0x96, 0x64, 0x96, 0x64, 0x97, 0x64, 0x97, 0x64, 0x96, 0x64, 0xb7, 0x6c, 0x55, 0x64, 0x62, 0x08, 0x00, 0x00, 0x00, 0x00, 0x00, 0x00,
  0x00, 0x00, 0x91, 0x53, 0x18, 0x7d, 0xd6, 0x74, 0xd7, 0x74, 0xf7, 0x7c, 0xf7, 0x7c, 0xf7, 0x7c, 0xd7, 0x7c, 0x58, 0x85, 0x70, 0x53, 0x00, 0x00,
  0x00, 0x00, 0x00, 0x00, 0x00, 0x00, 0x00, 0x00, 0x00, 0x00, 0x00, 0x00, 0x00, 0x00, 0x00, 0x00, 0x00, 0x00, 0x00, 0x00, 0x00, 0x00, 0x00, 0x00,
  0x00, 0x00, 0x00, 0x00, 0x00, 0x00, 0x00, 0x00, 0x00, 0x00, 0x00, 0x00, 0x00, 0x00, 0x00, 0x00, 0x00, 0x00, 0x00, 0x00, 0x00, 0x00, 0x00, 0x00,
  0x00, 0x00, 0x00, 0x00, 0x00, 0x00, 0x00, 0x00, 0x00, 0x00, 0x00, 0x00, 0x00, 0x00, 0x00, 0x00, 0x00, 0x00, 0x00, 0x00, 0x00, 0x00, 0x73, 0x7c,
  0x1a, 0xa6, 0xd8, 0x9d, 0xd9, 0xa5, 0xd9, 0xa5, 0xf9, 0xa5, 0xf9, 0xa5, 0xd9, 0xa5, 0x5a, 0xae, 0x52, 0x7c, 0x00, 0x00, 0x00, 0x00, 0x00, 0x00,
  0x00, 0x00, 0x00, 0x00, 0x00, 0x00, 0x00, 0x00, 0x00, 0x00, 0x93, 0x84, 0x5a, 0xb6, 0xf9, 0xa5, 0xf9, 0xa5, 0xf9, 0xa5, 0xf9, 0xa5, 0xf9, 0xa5,
  0xf9, 0xa5, 0xd8, 0xa5, 0x1a, 0xae, 0x72, 0x7c, 0x00, 0x00, 0x00, 0x00, 0x00, 0x00, 0x00, 0x00, 0x00, 0x00, 0x00, 0x00, 0x00, 0x00, 0x00, 0x00,
  0x00, 0x00, 0x00, 0x00, 0x00, 0x00, 0x00, 0x00, 0x00, 0x00, 0x00, 0x00, 0x00, 0x00, 0x00, 0x00, 0x00, 0x00, 0x00, 0x00, 0x00, 0x00, 0x00, 0x00,
  0x00, 0x00, 0x00, 0x00, 0x00, 0x00, 0x00, 0x00, 0x00, 0x00, 0x00, 0x00, 0x00, 0x00, 0x00, 0x00, 0x00, 0x00, 0x00, 0x00, 0x00, 0x00, 0x00, 0x00,
  0x00, 0x00, 0xe4, 0x18, 0x16, 0x8d, 0x16, 0x8d, 0x16, 0x8d, 0x16, 0x8d, 0x16, 0x8d, 0xf6, 0x8c, 0xf6, 0x8c, 0xf5, 0x84, 0x37, 0x8d, 0xc8, 0x31,
  0x00, 0x00, 0x00, 0x00, 0x00, 0x00, 0x00, 0x00, 0x00, 0x00, 0x00, 0x00, 0x00, 0x00, 0x00, 0x00, 0x00, 0x00, 0x00, 0x00, 0x00, 0x00, 0x00, 0x00,
  0x00, 0x00, 0x00, 0x00, 0x00, 0x00, 0x00, 0x00, 0x00, 0x00, 0x00, 0x00, 0x00, 0x00, 0x00, 0x00, 0x00, 0x00, 0x00, 0x00, 0x00, 0x00, 0x00, 0x00,
  0x00, 0x00, 0x00, 0x00, 0x00, 0x00, 0x00, 0x00, 0x00, 0x00, 0x41, 0x00, 0xcf, 0x42, 0xf0, 0x42, 0xd0, 0x42, 0xd0, 0x42, 0xcf, 0x42, 0xaf, 0x42,
  0xaf, 0x42, 0xaf, 0x3a, 0xaf, 0x3a, 0x8f, 0x3a, 0x8f, 0x3a, 0x8f, 0x3a, 0xb0, 0x3a, 0xca, 0x29, 0x00, 0x00, 0x00, 0x00, 0x00, 0x00, 0x00, 0x00,
  0x00, 0x00, 0x00, 0x00, 0x00, 0x00, 0x00, 0x00, 0x00, 0x00, 0x00, 0x00, 0x00, 0x00, 0x00, 0x00, 0x00, 0x00, 0x00, 0x00, 0x00, 0x00, 0x00, 0x00,
  0x00, 0x00, 0x00, 0x00, 0x00, 0x00, 0x00, 0x00, 0x00, 0x00, 0x00, 0x00, 0x00, 0x00, 0x00, 0x00, 0x00, 0x00, 0x00, 0x00, 0x75, 0x33, 0xf8, 0x3b,
  0xd7, 0x3b, 0xd8, 0x3b, 0xd8, 0x3b, 0xd8, 0x3b, 0xd8, 0x3b, 0xd8, 0x3b, 0xd8, 0x3b, 0xd8, 0x3b, 0xd8, 0x3b, 0xf8, 0x3b, 0xf8, 0x3b, 0xf8, 0x3b,
  0xf8, 0x3b, 0x18, 0x44, 0x18, 0x44, 0x18, 0x44, 0x38, 0x44, 0x38, 0x44, 0x38, 0x4c, 0x58, 0x4c, 0x58, 0x4c, 0x59, 0x4c, 0x59, 0x4c, 0x79, 0x54,
  0x79, 0x54, 0x79, 0x54, 0x99, 0x54, 0x99, 0x54, 0x99, 0x5c, 0x99, 0x5c, 0xb9, 0x5c, 0xb9, 0x5c, 0xb9, 0x5c, 0xd9, 0x64, 0xda, 0x64, 0xda, 0x64,
  0xfa, 0x64, 0xfa, 0x64, 0xfa, 0x6c, 0x1a, 0x6d, 0x1a, 0x6d, 0x1a, 0x6d, 0x3a, 0x6d, 0x3a, 0x75, 0x3a, 0x75, 0x3a, 0x75, 0x5a, 0x75, 0x5b, 0x75,
  0x5b, 0x7d, 0x7b, 0x7d, 0x7b, 0x7d, 0x5b, 0x7d, 0x7b, 0x7d, 0x39, 0x75, 0x82, 0x08, 0x00, 0x00, 0x00, 0x00, 0x00, 0x00, 0x00, 0x00, 0x55, 0x6c,
  0x3d, 0x96, 0xdb, 0x8d, 0xfc, 0x95, 0xfc, 0x95, 0xfc, 0x95, 0x1c, 0x96, 0xfc, 0x95, 0x7e, 0x9e, 0x33, 0x6c, 0x00, 0x00, 0x00, 0x00, 0x00, 0x00,
  0x00, 0x00, 0x00, 0x00, 0x00, 0x00, 0x00, 0x00, 0x00, 0x00, 0x00, 0x00, 0x00, 0x00, 0x00, 0x00, 0x00, 0x00, 0x00, 0x00, 0x00, 0x00, 0x00, 0x00,
  0x00, 0x00, 0x00, 0x00, 0x00, 0x00, 0x00, 0x00, 0x00, 0x00, 0x00, 0x00, 0x00, 0x00, 0x00, 0x00, 0x00, 0x00, 0x00, 0x00, 0x00, 0x00, 0x00, 0x00,
  0x00, 0x00, 0x00, 0x00, 0x00, 0x00, 0x00, 0x00, 0x00, 0x00, 0x00, 0x00, 0x00, 0x00, 0x00, 0x00, 0x00, 0x00, 0x77, 0x95, 0x7f, 0xcf, 0x1e, 0xc7,
  0x1e, 0xc7, 0x3e, 0xc7, 0x3e, 0xc7, 0x3e, 0xc7, 0x3e, 0xc7, 0xbf, 0xd7, 0x56, 0x95, 0x00, 0x00, 0x00, 0x00, 0x00, 0x00, 0x00, 0x00, 0x00, 0x00,
  0x00, 0x00, 0x00, 0x00, 0x00, 0x00, 0x97, 0x9d, 0xbf, 0xdf, 0x3e, 0xcf, 0x5e, 0xcf, 0x3e, 0xcf, 0x3e, 0xcf, 0x3e, 0xcf, 0x3e, 0xcf, 0x3e, 0xc7,
  0x1e, 0xc7, 0x7f, 0xcf, 0x0d, 0x53, 0x00, 0x00, 0x00, 0x00, 0x00, 0x00, 0x00, 0x00, 0x00, 0x00, 0x00, 0x00, 0x00, 0x00, 0x00, 0x00, 0x00, 0x00,
  0x00, 0x00, 0x00, 0x00, 0x00, 0x00, 0x00, 0x00, 0x00, 0x00, 0x00, 0x00, 0x00, 0x00, 0x00, 0x00, 0x00, 0x00, 0x00, 0x00, 0x00, 0x00, 0x00, 0x00,
  0x00, 0x00, 0x00, 0x00, 0x00, 0x00, 0x00, 0x00, 0x00, 0x00, 0x00, 0x00, 0x00, 0x00, 0x00, 0x00, 0x00, 0x00, 0x00, 0x00, 0x00, 0x00, 0x25, 0x19,
  0x3b, 0xae, 0x3b, 0xae, 0x3b, 0xae, 0x1b, 0xae, 0x1b, 0xae, 0x1b, 0xa6, 0x1b, 0xa6, 0xfa, 0xa5, 0x5c, 0xae, 0x2a, 0x3a, 0x00, 0x00, 0x00, 0x00,
  0x00, 0x00, 0x00, 0x00, 0x00, 0x00, 0x00, 0x00, 0x00, 0x00, 0x00, 0x00, 0x00, 0x00, 0x00, 0x00, 0x00, 0x00, 0x00, 0x00, 0x00, 0x00, 0x00, 0x00,
  0x00, 0x00, 0x00, 0x00, 0x00, 0x00, 0x00, 0x00, 0x00, 0x00, 0x00, 0x00, 0x00, 0x00, 0x00, 0x00, 0x00, 0x00, 0x00, 0x00, 0x00, 0x00, 0x00, 0x00,
  0x00, 0x00, 0x00, 0x00, 0x00, 0x00, 0x88, 0x21, 0xb5, 0x5b, 0x73, 0x53, 0x73, 0x53, 0x73, 0x53, 0x73, 0x53, 0x53, 0x4b, 0x53, 0x4b, 0x53, 0x4b,
  0x33, 0x4b, 0x32, 0x4b, 0x32, 0x4b, 0x12, 0x4b, 0x12, 0x43, 0xf2, 0x42, 0x62, 0x08, 0x00, 0x00, 0x00, 0x00, 0x00, 0x00, 0x00, 0x00, 0x00, 0x00,
  0x00, 0x00, 0x00, 0x00, 0x00, 0x00, 0x00, 0x00, 0x00, 0x00, 0x00, 0x00, 0x00, 0x00, 0x00, 0x00, 0x00, 0x00, 0x00, 0x00, 0x00, 0x00, 0x00, 0x00,
  0x00, 0x00, 0x00, 0x00, 0x00, 0x00, 0x00, 0x00, 0x00, 0x00, 0x00, 0x00, 0x00, 0x00, 0x00, 0x00, 0x54, 0x33, 0xd7, 0x3b, 0xb7, 0x33, 0xb7, 0x33,
  0xb7, 0x33, 0xb7, 0x33, 0xb7, 0x33, 0xb7, 0x33, 0xb7, 0x33, 0xb7, 0x33, 0xb7, 0x33, 0xd7, 0x3b, 0xd7, 0x3b, 0xd7, 0x3b, 0xf7, 0x3b, 0xf7, 0x3b,
  0xf7, 0x43, 0xf7, 0x43, 0x17, 0x44, 0x18, 0x44, 0x18, 0x44, 0x38, 0x4c, 0x38, 0x4c, 0x38, 0x4c, 0x38, 0x4c, 0x58, 0x4c, 0x58, 0x4c, 0x58, 0x54,
  0x78, 0x54, 0x78, 0x54, 0x78, 0x54, 0x98, 0x54, 0x99, 0x5c, 0x99, 0x5c, 0x99, 0x5c, 0xb9, 0x5c, 0xb9, 0x5c, 0xb9, 0x64, 0xd9, 0x64, 0xd9, 0x64,
  0xd9, 0x64, 0xd9, 0x64, 0xf9, 0x6c, 0xf9, 0x6c, 0xf9, 0x6c, 0x1a, 0x6d, 0x1a, 0x6d, 0x1a, 0x75, 0x3a, 0x75, 0x3a, 0x75, 0x3a, 0x75, 0x3a, 0x75,
  0x3a, 0x75, 0x3a, 0x75, 0x5a, 0x7d, 0xf9, 0x74, 0x82, 0x08, 0x00, 0x00, 0x00, 0x00, 0x00, 0x00, 0x00, 0x00, 0x34, 0x64, 0xfc, 0x95, 0xbb, 0x8d,
  0xbb, 0x8d, 0xdb, 0x8d, 0xdb, 0x8d, 0xdb, 0x8d, 0xdb, 0x8d, 0x3d, 0x9e, 0x13, 0x64, 0x00, 0x00, 0x00, 0x00, 0x00, 0x00, 0x00, 0x00, 0x00, 0x00,
  0x00, 0x00, 0x00, 0x00, 0x00, 0x00, 0x00, 0x00, 0x00, 0x00, 0x00, 0x00, 0x00, 0x00, 0x00, 0x00, 0x00, 0x00, 0x00, 0x00, 0x00, 0x00, 0x00, 0x00,
  0x00, 0x00, 0x00, 0x00, 0x00, 0x00, 0x00, 0x00, 0x00, 0x00, 0x00, 0x00, 0x00, 0x00, 0x00, 0x00, 0x00, 0x00, 0x00, 0x00, 0x00, 0x00, 0x00, 0x00,
  0x00, 0x00, 0x00, 0x00, 0x00, 0x00, 0x00, 0x00, 0x00, 0x00, 0x00, 0x00, 0x00, 0x00, 0x36, 0x8d, 0x3f, 0xc7, 0xdd, 0xbe, 0xfd, 0xbe, 0xfd, 0xbe,
  0xfd, 0xc6, 0xfd, 0xc6, 0xfd, 0xc6, 0x7f, 0xcf, 0x35, 0x8d, 0x00, 0x00, 0x00, 0x00, 0x00, 0x00, 0x00, 0x00, 0x00, 0x00, 0x00, 0x00, 0x00, 0x00,
  0x00, 0x00, 0x77, 0x9d, 0x7f, 0xd7, 0xfd, 0xc6, 0x1d, 0xc7, 0x1d, 0xc7, 0xfd, 0xc6, 0xfd, 0xc6, 0xfd, 0xc6, 0xfd, 0xc6, 0xdd, 0xc6, 0xfd, 0xc6,
  0x1e, 0xc7, 0xa7, 0x31, 0x00, 0x00, 0x00, 0x00, 0x00, 0x00, 0x00, 0x00, 0x00, 0x00, 0x00, 0x00, 0x00, 0x00, 0x00, 0x00, 0x00, 0x00, 0x00, 0x00,
  0x00, 0x00, 0x00, 0x00, 0x00, 0x00, 0x00, 0x00, 0x00, 0x00, 0x00, 0x00, 0x00, 0x00, 0x00, 0x00, 0x00, 0x00, 0x00, 0x00, 0x00, 0x00, 0x00, 0x00,
  0x00, 0x00, 0x00, 0x00, 0x00, 0x00, 0x00, 0x00, 0x00, 0x00, 0x00, 0x00, 0x00, 0x00, 0x00, 0x00, 0x00, 0x00, 0x04, 0x19, 0x1a, 0xa6, 0xfa, 0xa5,
  0xfa, 0xa5, 0xfa, 0xa5, 0xfa, 0xa5, 0xfa, 0xa5, 0xda, 0xa5, 0xb9, 0x9d, 0x3b, 0xae, 0x29, 0x3a, 0x00, 0x00, 0x00, 0x00, 0x00, 0x00, 0x00, 0x00,
  0x00, 0x00, 0x00, 0x00, 0x00, 0x00, 0x00, 0x00, 0x00, 0x00, 0x00, 0x00, 0x00, 0x00, 0x00, 0x00, 0x00, 0x00, 0x00, 0x00, 0x00, 0x00, 0x00, 0x00,
  0x00, 0x00, 0x00, 0x00, 0x00, 0x00, 0x00, 0x00, 0x00, 0x00, 0x00, 0x00, 0x00, 0x00, 0x00, 0x00, 0x00, 0x00, 0x00, 0x00, 0x00, 0x00, 0x00, 0x00,
  0x20, 0x00, 0x10, 0x4b, 0x93, 0x53, 0x52, 0x53, 0x53, 0x53, 0x52, 0x53, 0x52, 0x4b, 0x32, 0x4b, 0x32, 0x4b, 0x32, 0x4b, 0x12, 0x4b, 0x12, 0x4b,
  0x12, 0x43, 0xf2, 0x42, 0xf1, 0x42, 0x33, 0x4b, 0xaa, 0x21, 0x00, 0x00, 0x00, 0x00, 0x00, 0x00, 0x00, 0x00, 0x00, 0x00, 0x00, 0x00, 0x00, 0x00,
  0x00, 0x00, 0x00, 0x00, 0x00, 0x00, 0x00, 0x00, 0x00, 0x00, 0x00, 0x00, 0x00, 0x00, 0x00, 0x00, 0x00, 0x00, 0x00, 0x00, 0x00, 0x00, 0x00, 0x00,
  0x00, 0x00, 0x00, 0x00, 0x00, 0x00, 0x00, 0x00, 0x00, 0x00, 0x00, 0x00, 0x55, 0x33, 0xd7, 0x3b, 0xb7, 0x33, 0xd7, 0x33, 0xd7, 0x33, 0xd7, 0x33,
  0xd7, 0x33, 0xd7, 0x33, 0xd7, 0x33, 0xd7, 0x33, 0xd7, 0x33, 0xd7, 0x3b, 0xd7, 0x3b, 0xd7, 0x3b, 0xf7, 0x3b, 0xf7, 0x3b, 0xf7, 0x43, 0x18, 0x44,
  0x18, 0x44, 0x18, 0x44, 0x38, 0x44, 0x38, 0x4c, 0x38, 0x4c, 0x38, 0x4c, 0x58, 0x4c, 0x58, 0x4c, 0x58, 0x54, 0x78, 0x54, 0x78, 0x54, 0x78, 0x54,
  0x79, 0x54, 0x99, 0x5c, 0x99, 0x5c, 0x99, 0x5c, 0xb9, 0x5c, 0xb9, 0x5c, 0xb9, 0x64, 0xd9, 0x64, 0xd9, 0x64, 0xd9, 0x64, 0xd9, 0x64, 0xf9, 0x64,
  0xf9, 0x6c, 0xf9, 0x6c, 0x1a, 0x6d, 0x1a, 0x6d, 0x1a, 0x6d, 0x1a, 0x75, 0x3a, 0x75, 0x3a, 0x75, 0x3a, 0x75, 0x5a, 0x75, 0x5a, 0x75, 0x3a, 0x75,
  0x5a, 0x7d, 0x19, 0x75, 0x82, 0x08, 0x00, 0x00, 0x00, 0x00, 0x00, 0x00, 0x00, 0x00, 0x34, 0x64, 0x1c, 0x96, 0xbb, 0x8d, 0xdb, 0x8d, 0xdb, 0x8d,
  0xdb, 0x8d, 0xdb, 0x95, 0xdb, 0x8d, 0x3d, 0x9e, 0x13, 0x64, 0x00, 0x00, 0x00, 0x00, 0x00, 0x00, 0x00, 0x00, 0x00, 0x00, 0x00, 0x00, 0x00, 0x00,
  0x00, 0x00, 0x00, 0x00, 0x00, 0x00, 0x00, 0x00, 0x00, 0x00, 0x00, 0x00, 0x00, 0x00, 0x00, 0x00, 0x00, 0x00, 0x00, 0x00, 0x00, 0x00, 0x00, 0x00,
  0x00, 0x00, 0x00, 0x00, 0x00, 0x00, 0x00, 0x00, 0x00, 0x00, 0x00, 0x00, 0x00, 0x00, 0x00, 0x00, 0x00, 0x00, 0x00, 0x00, 0x00, 0x00, 0x00, 0x00,
  0x00, 0x00, 0x00, 0x00, 0x00, 0x00, 0x00, 0x00, 0x00, 0x00, 0x56, 0x95, 0x3f, 0xc7, 0xdd, 0xbe, 0xfd, 0xbe, 0xfd, 0xc6, 0xfe, 0xc6, 0x1e, 0xc7,
  0xfd, 0xc6, 0x7f, 0xcf, 0x36, 0x95, 0x00, 0x00, 0x00, 0x00, 0x00, 0x00, 0x00, 0x00, 0x00, 0x00, 0x00, 0x00, 0x00, 0x00, 0x00, 0x00, 0x77, 0x9d,
  0x7f, 0xd7, 0x1d, 0xc7, 0x1e, 0xc7, 0x1e, 0xc7, 0x1d, 0xc7, 0x1d, 0xc7, 0xfd, 0xc6, 0xfd, 0xc6, 0xfd, 0xc6, 0xdd, 0xbe, 0x1e, 0xc7, 0x5a, 0xae,
  0xa2, 0x10, 0x00, 0x00, 0x00, 0x00, 0x00, 0x00, 0x00, 0x00, 0x00, 0x00, 0x00, 0x00, 0x00, 0x00, 0x00, 0x00, 0x00, 0x00, 0x00, 0x00, 0x00, 0x00,
  0x00, 0x00, 0x00, 0x00, 0x00, 0x00, 0x00, 0x00, 0x00, 0x00, 0x00, 0x00, 0x00, 0x00, 0x00, 0x00, 0x00, 0x00, 0x00, 0x00, 0x00, 0x00, 0x00, 0x00,
  0x00, 0x00, 0x00, 0x00, 0x00, 0x00, 0x00, 0x00, 0x00, 0x00, 0x00, 0x00, 0x00, 0x00, 0x04, 0x19, 0x1a, 0xa6, 0x1a, 0xa6, 0xfa, 0xa5, 0xfa, 0xa5,
  0xfa, 0xa5, 0xfa, 0xa5, 0xfa, 0xa5, 0xda, 0x9d, 0x3b, 0xae, 0x29, 0x3a, 0x00, 0x00, 0x00, 0x00, 0x00, 0x00, 0x00, 0x00, 0x00, 0x00, 0x00, 0x00,
  0x00, 0x00, 0x00, 0x00, 0x00, 0x00, 0x00, 0x00, 0x00, 0x00, 0x00, 0x00, 0x00, 0x00, 0x00, 0x00, 0x00, 0x00, 0x00, 0x00, 0x00, 0x00, 0x00, 0x00,
  0x00, 0x00, 0x00, 0x00, 0x00, 0x00, 0x00, 0x00, 0x00, 0x00, 0x00, 0x00, 0x00, 0x00, 0x00, 0x00, 0x00, 0x00, 0x00, 0x00, 0x26, 0x19, 0xb4, 0x5b,
  0x73, 0x53, 0x73, 0x53, 0x53, 0x53, 0x53, 0x53, 0x52, 0x4b, 0x52, 0x4b, 0x32, 0x4b, 0x32, 0x4b, 0x32, 0x4b, 0x12, 0x4b, 0x12, 0x43, 0x12, 0x43,
  0xf2, 0x42, 0xf2, 0x42, 0xd0, 0x3a, 0x41, 0x00, 0x00, 0x00, 0x00, 0x00, 0x00, 0x00, 0x00, 0x00, 0x00, 0x00, 0x00, 0x00, 0x00, 0x00, 0x00, 0x00,
  0x00, 0x00, 0x00, 0x00, 0x00, 0x00, 0x00, 0x00, 0x00, 0x00, 0x00, 0x00, 0x00, 0x00, 0x00, 0x00, 0x00, 0x00, 0x00, 0x00, 0x00, 0x00, 0x00, 0x00,
  0x00, 0x00, 0x00, 0x00, 0x00, 0x00, 0x00, 0x00, 0x55, 0x33, 0xd8, 0x3b, 0xb7, 0x33, 0xd7, 0x33, 0xd7, 0x33, 0xd7, 0x33, 0xd7, 0x33, 0xd7, 0x33,
  0xd7, 0x33, 0xd7, 0x33, 0xd7, 0x33, 0xd7, 0x3b, 0xd7, 0x3b, 0xd7, 0x3b, 0xf7, 0x3b, 0xf7, 0x3b, 0xf7, 0x43, 0x18, 0x44, 0x18, 0x44, 0x18, 0x44,
  0x18, 0x44, 0x38, 0x4c, 0x38, 0x4c, 0x38, 0x4c, 0x58, 0x4c, 0x58, 0x4c, 0x58, 0x54, 0x78, 0x54, 0x78, 0x54, 0x78, 0x54, 0x79, 0x54, 0x99, 0x5c,
  0x99, 0x5c, 0x99, 0x5c, 0xb9, 0x5c, 0xb9, 0x5c, 0xb9, 0x64, 0xb9, 0x64, 0xd9, 0x64, 0xd9, 0x64, 0xd9, 0x64, 0xf9, 0x64, 0xf9, 0x6c, 0xf9, 0x6c,
  0xfa, 0x6c, 0x1a, 0x6d, 0x1a, 0x6d, 0x1a, 0x75, 0x3a, 0x75, 0x3a, 0x75, 0x3a, 0x75, 0x5a, 0x75, 0x5a, 0x75, 0x3a, 0x75, 0x5a, 0x7d, 0x19, 0x75,
  0x82, 0x08, 0x00, 0x00, 0x00, 0x00, 0x00, 0x00, 0x00, 0x00, 0x34, 0x64, 0x1c, 0x96, 0xbb, 0x8d, 0xdb, 0x8d, 0xdb, 0x8d, 0xdb, 0x8d, 0xdb, 0x95,
  0xdb, 0x8d, 0x3d, 0x9e, 0x13, 0x64, 0x00, 0x00, 0x00, 0x00, 0x00, 0x00, 0x00, 0x00, 0x00, 0x00, 0x00, 0x00, 0x00, 0x00, 0x00, 0x00, 0x00, 0x00,
  0x00, 0x00, 0x00, 0x00, 0x00, 0x00, 0x00, 0x00, 0x00, 0x00, 0x00, 0x00, 0x00, 0x00, 0x00, 0x00, 0x00, 0x00, 0x00, 0x00, 0x00, 0x00, 0x00, 0x00,
  0x00, 0x00, 0x00, 0x00, 0x00, 0x00, 0x00, 0x00, 0x00, 0x00, 0x00, 0x00, 0x00, 0x00, 0x00, 0x00, 0x00, 0x00, 0x00, 0x00, 0x00, 0x00, 0x00, 0x00,
  0x00, 0x00, 0x00, 0x00, 0x00, 0x00, 0x56, 0x95, 0x3f, 0xc7, 0xdd, 0xbe, 0xfd, 0xbe, 0xfe, 0xc6, 0xfe, 0xc6, 0x1e, 0xc7, 0xfd, 0xc6, 0x7f, 0xcf,
  0x36, 0x95, 0x00, 0x00, 0x00, 0x00, 0x00, 0x00, 0x00, 0x00, 0x00, 0x00, 0x00, 0x00, 0x00, 0x00, 0x00, 0x00, 0x77, 0x9d, 0x7f, 0xd7, 0x1d, 0xc7,
  0x1e, 0xc7, 0x1e, 0xc7, 0x1d, 0xc7, 0x1d, 0xc7, 0xfd, 0xc6, 0xfd, 0xc6, 0xfd, 0xc6, 0xfd, 0xc6, 0xdd, 0xbe, 0x5f, 0xcf, 0x15, 0x8d, 0x00, 0x00,
  0x00, 0x00, 0x00, 0x00, 0x00, 0x00, 0x00, 0x00, 0x00, 0x00, 0x00, 0x00, 0x00, 0x00, 0x00, 0x00, 0x00, 0x00, 0x00, 0x00, 0x00, 0x00, 0x00, 0x00,
  0x00, 0x00, 0x00, 0x00, 0x00, 0x00, 0x00, 0x00, 0x00, 0x00, 0x00, 0x00, 0x00, 0x00, 0x00, 0x00, 0x00, 0x00, 0x00, 0x00, 0x00, 0x00, 0x00, 0x00,
  0x00, 0x00, 0x00, 0x00, 0x00, 0x00, 0x00, 0x00, 0x00, 0x00, 0x04, 0x19, 0x1b, 0xa6, 0x1a, 0xa6, 0xfa, 0xa5, 0xfa, 0xa5, 0xfa, 0xa5, 0xfa, 0xa5,
  0xfa, 0xa5, 0xda, 0x9d, 0x3b, 0xae, 0x29, 0x3a, 0x00, 0x00, 0x00, 0x00, 0x00, 0x00, 0x00, 0x00, 0x00, 0x00, 0x00, 0x00, 0x00, 0x00, 0x00, 0x00,
  0x00, 0x00, 0x00, 0x00, 0x00, 0x00, 0x00, 0x00, 0x00, 0x00, 0x00, 0x00, 0x00, 0x00, 0x00, 0x00, 0x00, 0x00, 0x00, 0x00, 0x00, 0x00, 0x00, 0x00,
  0x00, 0x00, 0x00, 0x00, 0x00, 0x00, 0x00, 0x00, 0x00, 0x00, 0x00, 0x00, 0x00, 0x00, 0x00, 0x00, 0xaf, 0x42, 0xb4, 0x5b, 0x73, 0x53, 0x73, 0x53,
  0x53, 0x53, 0x53, 0x53, 0x52, 0x4b, 0x52, 0x4b, 0x32, 0x4b, 0x32, 0x4b, 0x32, 0x4b, 0x12, 0x4b, 0x12, 0x43, 0x12, 0x43, 0xf2, 0x42, 0xf1, 0x42,
  0x13, 0x43, 0x68, 0x19, 0x00, 0x00, 0x00, 0x00, 0x00, 0x00, 0x00, 0x00, 0x00, 0x00, 0x00, 0x00, 0x00, 0x00, 0x00, 0x00, 0x00, 0x00, 0x00, 0x00,
  0x00, 0x00, 0x00, 0x00, 0x00, 0x00, 0x00, 0x00, 0x00, 0x00, 0x00, 0x00, 0x00, 0x00, 0x00, 0x00, 0x00, 0x00, 0x00, 0x00, 0x00, 0x00, 0x00, 0x00,
  0x00, 0x00, 0x00, 0x00, 0x55, 0x33, 0xd7, 0x3b, 0xb7, 0x33, 0xd7, 0x33, 0xd7, 0x33, 0xd7, 0x33, 0xd7, 0x33, 0xd7, 0x33, 0xd7, 0x33, 0xd7, 0x33,
  0xd7, 0x33, 0xd7, 0x3b, 0xd7, 0x3b, 0xd7, 0x3b, 0xf7, 0x3b, 0xf7, 0x3b, 0xf7, 0x43, 0x18, 0x44, 0x18, 0x44, 0x18, 0x44, 0x18, 0x44, 0x38, 0x4c,
  0x38, 0x4c, 0x38, 0x4c, 0x58, 0x4c, 0x58, 0x4c, 0x58, 0x54, 0x58, 0x54, 0x78, 0x54, 0x78, 0x54, 0x79, 0x54, 0x99, 0x5c, 0x99, 0x5c, 0x99, 0x5c,
  0xb9, 0x5c, 0xb9, 0x5c, 0xb9, 0x64, 0xb9, 0x64, 0xd9, 0x64, 0xd9, 0x64, 0xd9, 0x64, 0xf9, 0x64, 0xf9, 0x6c, 0xf9, 0x6c, 0x1a, 0x6d, 0x1a, 0x6d,
  0x1a, 0x6d, 0x1a, 0x75, 0x3a, 0x75, 0x3a, 0x75, 0x3a, 0x75, 0x5a, 0x75, 0x5a, 0x75, 0x3a, 0x75, 0x5a, 0x7d, 0x19, 0x75, 0x82, 0x08, 0x00, 0x00,
  0x00, 0x00, 0x00, 0x00, 0x00, 0x00, 0x34, 0x64, 0x1c, 0x96, 0xbb, 0x8d, 0xdb, 0x8d, 0xdb, 0x8d, 0xdb, 0x8d, 0xdb, 0x95, 0xdb, 0x8d, 0x3d, 0x9e,
  0x13, 0x64, 0x00, 0x00, 0x00, 0x00, 0x00, 0x00, 0x00, 0x00, 0x00, 0x00, 0x00, 0x00, 0x00, 0x00, 0x00, 0x00, 0x00, 0x00, 0x00, 0x00, 0x00, 0x00,
  0x00, 0x00, 0x00, 0x00, 0x00, 0x00, 0x00, 0x00, 0x00, 0x00, 0x00, 0x00, 0x00, 0x00, 0x00, 0x00, 0x00, 0x00, 0x00, 0x00, 0x00, 0x00, 0x00, 0x00,
  0x00, 0x00, 0x00, 0x00, 0x00, 0x00, 0x00, 0x00, 0x00, 0x00, 0x00, 0x00, 0x00, 0x00, 0x00, 0x00, 0x00, 0x00, 0x00, 0x00, 0x00, 0x00, 0x00, 0x00,
  0x00, 0x00, 0x56, 0x95, 0x3f, 0xc7, 0xdd, 0xbe, 0xfd, 0xbe, 0xfe, 0xc6, 0xfe, 0xc6, 0x1e, 0xc7, 0xfd, 0xc6, 0x7f, 0xcf, 0x36, 0x95, 0x00, 0x00,
  0x00, 0x00, 0x00, 0x00, 0x00, 0x00, 0x00, 0x00, 0x00, 0x00, 0x00, 0x00, 0x00, 0x00, 0x77, 0x9d, 0x7f, 0xd7, 0x1d, 0xc7, 0x1e, 0xc7, 0x1e, 0xc7,
  0x1e, 0xc7, 0x1d, 0xc7, 0xfd, 0xc6, 0xfd, 0xc6, 0xfd, 0xc6, 0xfd, 0xc6, 0xfd, 0xc6, 0xbc, 0xbe, 0x5f, 0xcf, 0x8f, 0x63, 0x00, 0x00, 0x00, 0x00,
  0x00, 0x00, 0x00, 0x00, 0x00, 0x00, 0x00, 0x00, 0x00, 0x00, 0x00, 0x00, 0x00, 0x00, 0x00, 0x00, 0x00, 0x00, 0x00, 0x00, 0x00, 0x00, 0x00, 0x00,
  0x00, 0x00, 0x00, 0x00, 0x00, 0x00, 0x00, 0x00, 0x00, 0x00, 0x00, 0x00, 0x00, 0x00, 0x00, 0x00, 0x00, 0x00, 0x00, 0x00, 0x00, 0x00, 0x00, 0x00,
  0x00, 0x00, 0x00, 0x00, 0x00, 0x00, 0x04, 0x19, 0x1b, 0xa6, 0x1a, 0xa6, 0xfa, 0xa5, 0xfa, 0xa5, 0xfa, 0xa5, 0xfa, 0xa5, 0xfa, 0xa5, 0xda, 0x9d,
  0x3b, 0xae, 0x29, 0x3a, 0x00, 0x00, 0x00, 0x00, 0x00, 0x00, 0x00, 0x00, 0x00, 0x00, 0x00, 0x00, 0x00, 0x00, 0x00, 0x00, 0x00, 0x00, 0x00, 0x00,
  0x00, 0x00, 0x00, 0x00, 0x00, 0x00, 0x00, 0x00, 0x00, 0x00, 0x00, 0x00, 0x00, 0x00, 0x00, 0x00, 0x00, 0x00, 0x00, 0x00, 0x00, 0x00, 0x00, 0x00,
  0x00, 0x00, 0x00, 0x00, 0x00, 0x00, 0x00, 0x00, 0x00, 0x00, 0xe5, 0x10, 0xb4, 0x5b, 0x73, 0x53, 0x73, 0x53, 0x73, 0x53, 0x53, 0x53, 0x53, 0x53,
  0x52, 0x4b, 0x32, 0x4b, 0x32, 0x4b, 0x32, 0x4b, 0x32, 0x4b, 0x12, 0x4b, 0x12, 0x43, 0x12, 0x43, 0xf2, 0x42, 0xf1, 0x42, 0xf2, 0x42, 0x8f, 0x3a,
  0x20, 0x00, 0x00, 0x00, 0x00, 0x00, 0x00, 0x00, 0x00, 0x00, 0x00, 0x00, 0x00, 0x00, 0x00, 0x00, 0x00, 0x00, 0x00, 0x00, 0x00, 0x00, 0x00, 0x00,
  0x00, 0x00, 0x00, 0x00, 0x00, 0x00, 0x00, 0x00, 0x00, 0x00, 0x00, 0x00, 0x00, 0x00, 0x00, 0x00, 0x00, 0x00, 0x00, 0x00, 0x00, 0x00, 0x00, 0x00,
  0x54, 0x33, 0xd7, 0x33, 0xb7, 0x33, 0xb7, 0x33, 0xb7, 0x33, 0xb7, 0x33, 0xb7, 0x33, 0xb7, 0x33, 0xb7, 0x33, 0xb7, 0x33, 0xb7, 0x33, 0xb7, 0x33,
  0xd7, 0x3b, 0xd7, 0x3b, 0xd7, 0x3b, 0xf7, 0x3b, 0xf7, 0x3b, 0xf7, 0x43, 0xf7, 0x43, 0x17, 0x44, 0x17, 0x44, 0x17, 0x44, 0x38, 0x4c, 0x38, 0x4c,
  0x58, 0x4c, 0x58, 0x4c, 0x58, 0x54, 0x78, 0x54, 0x78, 0x54, 0x78, 0x54, 0x79, 0x54, 0x99, 0x54, 0x99, 0x5c, 0x98, 0x5c, 0x98, 0x5c, 0x99, 0x5c,
  0xb9, 0x5c, 0xb9, 0x64, 0xb9, 0x64, 0xd9, 0x64, 0xd9, 0x64, 0xd9, 0x64, 0xd9, 0x64, 0xf9, 0x6c, 0xf9, 0x6c, 0xf9, 0x6c, 0x19, 0x6d, 0x19, 0x6d,
  0x19, 0x75, 0x3a, 0x75, 0x3a, 0x75, 0x3a, 0x75, 0x3a, 0x75, 0x3a, 0x75, 0x5a, 0x75, 0xf8, 0x6c, 0x82, 0x08, 0x00, 0x00, 0x00, 0x00, 0x00, 0x00,
  0x00, 0x00, 0x34, 0x64, 0x1c, 0x96, 0xbb, 0x8d, 0xdb, 0x8d, 0xdb, 0x8d, 0xdb, 0x8d, 0xdb, 0x95, 0xdb, 0x95, 0x3d, 0x9e, 0x13, 0x64, 0x00, 0x00,
  0x00, 0x00, 0x00, 0x00, 0x00, 0x00, 0x00, 0x00, 0x00, 0x00, 0x00, 0x00, 0x00, 0x00, 0x00, 0x00, 0x00, 0x00, 0x00, 0x00, 0x00, 0x00, 0x00, 0x00,
  0x00, 0x00, 0x00, 0x00, 0x00, 0x00, 0x00, 0x00, 0x00, 0x00, 0x00, 0x00, 0x00, 0x00, 0x00, 0x00, 0x00, 0x00, 0x00, 0x00, 0x00, 0x00, 0x00, 0x00,
  0x00, 0x00, 0x00, 0x00, 0x00, 0x00, 0x00, 0x00, 0x00, 0x00, 0x00, 0x00, 0x00, 0x00, 0x00, 0x00, 0x00, 0x00, 0x00, 0x00, 0x00, 0x00, 0x56, 0x95,
  0x3f, 0xc7, 0xdd, 0xbe, 0xfd, 0xbe, 0xfe, 0xc6, 0xfe, 0xc6, 0x1e, 0xc7, 0xfd, 0xc6, 0x7f, 0xcf, 0x36, 0x95, 0x00, 0x00, 0x00, 0x00, 0x00, 0x00,
  0x00, 0x00, 0x00, 0x00, 0x00, 0x00, 0x00, 0x00, 0x00, 0x00, 0x77, 0x9d, 0x7f, 0xd7, 0x1d, 0xc7, 0x1e, 0xc7, 0x1e, 0xc7, 0x1d, 0xc7, 0xfd, 0xc6,
  0xfd, 0xc6, 0xfd, 0xc6, 0xfd, 0xc6, 0xfd, 0xc6, 0xfd, 0xc6, 0xdd, 0xbe, 0xdd, 0xbe, 0x1e, 0xc7, 0x08, 0x3a, 0x00, 0x00, 0x00, 0x00, 0x00, 0x00,
  0x00, 0x00, 0x00, 0x00, 0x00, 0x00, 0x00, 0x00, 0x00, 0x00, 0x00, 0x00, 0x00, 0x00, 0x00, 0x00, 0x00, 0x00, 0x00, 0x00, 0x00, 0x00, 0x00, 0x00,
  0x00, 0x00, 0x00, 0x00, 0x00, 0x00, 0x00, 0x00, 0x00, 0x00, 0x00, 0x00, 0x00, 0x00, 0x00, 0x00, 0x00, 0x00, 0x00, 0x00, 0x00, 0x00, 0x00, 0x00,
  0x00, 0x00, 0x04, 0x19, 0x1b, 0xa6, 0x1a, 0xa6, 0xfa, 0xa5, 0xfa, 0xa5, 0xfa, 0xa5, 0xfa, 0xa5, 0xfa, 0xa5, 0xda, 0x9d, 0x3b, 0xae, 0x29, 0x3a,
  0x00, 0x00, 0x00, 0x00, 0x00, 0x00, 0x00, 0x00, 0x00, 0x00, 0x00, 0x00, 0x00, 0x00, 0x00, 0x00, 0x00, 0x00, 0x00, 0x00, 0x00, 0x00, 0x00, 0x00,
  0x00, 0x00, 0x00, 0x00, 0x00, 0x00, 0x00, 0x00, 0x00, 0x00, 0x00, 0x00, 0x00, 0x00, 0x00, 0x00, 0x00, 0x00, 0x00, 0x00, 0x00, 0x00, 0x00, 0x00,
  0x00, 0x00, 0x00, 0x00, 0x00, 0x00, 0x6d, 0x3a, 0xb4, 0x5b, 0x73, 0x53, 0x73, 0x53, 0x73, 0x53, 0x53, 0x53, 0x53, 0x53, 0x52, 0x4b, 0x52, 0x4b,
  0x32, 0x4b, 0x32, 0x4b, 0x32, 0x4b, 0x12, 0x4b, 0x12, 0x43, 0x12, 0x43, 0xf2, 0x42, 0xf2, 0x42, 0xd1, 0x42, 0x12, 0x43, 0x06, 0x19, 0x00, 0x00,
  0x00, 0x00, 0x00, 0x00, 0x00, 0x00, 0x00, 0x00, 0x00, 0x00, 0x00, 0x00, 0x00, 0x00, 0x00, 0x00, 0x00, 0x00, 0x00, 0x00, 0x00, 0x00, 0x00, 0x00,
  0x00, 0x00, 0x00, 0x00, 0x00, 0x00, 0x00, 0x00, 0x00, 0x00, 0x00, 0x00, 0x00, 0x00, 0x00, 0x00, 0x00, 0x00, 0x00, 0x00, 0x96, 0x33, 0x19, 0x3c,
  0xf8, 0x3b, 0xf8, 0x3b, 0xf8, 0x3b, 0xf8, 0x3b, 0xf8, 0x3b, 0xf8, 0x3b, 0xf8, 0x3b, 0xf8, 0x3b, 0xf8, 0x3b, 0x18, 0x3c, 0x19, 0x3c, 0x19, 0x3c,
  0x39, 0x44, 0x39, 0x44, 0x39, 0x44, 0x59, 0x44, 0x59, 0x44, 0x59, 0x4c, 0x59, 0x4c, 0x79, 0x4c, 0x79, 0x4c, 0x59, 0x4c, 0x38, 0x4c, 0x58, 0x4c,
  0x58, 0x54, 0x58, 0x54, 0x78, 0x54, 0x78, 0x54, 0x79, 0x54, 0x99, 0x5c, 0x99, 0x5c, 0xfa, 0x64, 0xfa, 0x64, 0xfa, 0x64, 0xfa, 0x64, 0x1b, 0x65,
  0x1b, 0x6d, 0x1b, 0x6d, 0x3b, 0x6d, 0x3b, 0x6d, 0x3b, 0x6d, 0x5b, 0x75, 0x5b, 0x75, 0x5b, 0x75, 0x7b, 0x75, 0x7b, 0x7d, 0x7b, 0x7d, 0x9c, 0x7d,
  0x9c, 0x7d, 0x9c, 0x7d, 0x9c, 0x7d, 0x9b, 0x7d, 0xbc, 0x7d, 0x5a, 0x7d, 0x82, 0x08, 0x00, 0x00, 0x00, 0x00, 0x00, 0x00, 0x00, 0x00, 0x34, 0x64,
  0x1c, 0x96, 0xbb, 0x8d, 0xdb, 0x8d, 0xdb, 0x8d, 0xdb, 0x8d, 0xdb, 0x95, 0xdb, 0x8d, 0x3d, 0x9e, 0x13, 0x64, 0x00, 0x00, 0x00, 0x00, 0x00, 0x00,
  0x00, 0x00, 0x00, 0x00, 0x00, 0x00, 0x00, 0x00, 0x00, 0x00, 0x00, 0x00, 0x00, 0x00, 0x00, 0x00, 0x00, 0x00, 0x00, 0x00, 0x00, 0x00, 0x00, 0x00,
  0x00, 0x00, 0x00, 0x00, 0x00, 0x00, 0x00, 0x00, 0x00, 0x00, 0x00, 0x00, 0x00, 0x00, 0x00, 0x00, 0x00, 0x00, 0x00, 0x00, 0x00, 0x00, 0x00, 0x00,
  0x00, 0x00, 0x00, 0x00, 0x00, 0x00, 0x00, 0x00, 0x00, 0x00, 0x00, 0x00, 0x00, 0x00, 0x00, 0x00, 0x00, 0x00, 0x56, 0x95, 0x3f, 0xc7, 0xdd, 0xbe,
  0xfd, 0xbe, 0xfe, 0xc6, 0xfe, 0xc6, 0x1e, 0xc7, 0xfd, 0xc6, 0x7f, 0xcf, 0x36, 0x95, 0x00, 0x00, 0x00, 0x00, 0x00, 0x00, 0x00, 0x00, 0x00, 0x00,
  0x00, 0x00, 0x00, 0x00, 0x00, 0x00, 0x77, 0x9d, 0x7f, 0xd7, 0x1d, 0xc7, 0x1e, 0xc7, 0x1e, 0xc7, 0x1d, 0xc7, 0x1d, 0xc7, 0xfd, 0xc6, 0xfd, 0xc6,
  0xfd, 0xc6, 0xfd, 0xc6, 0xfd, 0xc6, 0xdd, 0xbe, 0xdd, 0xbe, 0xfd, 0xc6, 0x7b, 0xb6, 0xe3, 0x18, 0x00, 0x00, 0x00, 0x00, 0x00, 0x00, 0x00, 0x00,
  0x00, 0x00, 0x00, 0x00, 0x00, 0x00, 0x00, 0x00, 0x00, 0x00, 0x00, 0x00, 0x00, 0x00, 0x00, 0x00, 0x00, 0x00, 0x00, 0x00, 0x00, 0x00, 0x00, 0x00,
  0x00, 0x00, 0x00, 0x00, 0x00, 0x00, 0x00, 0x00, 0x00, 0x00, 0x00, 0x00, 0x00, 0x00, 0x00, 0x00, 0x00, 0x00, 0x00, 0x00, 0x00, 0x00, 0x04, 0x19,
  0x1a, 0xa6, 0x1a, 0xa6, 0xfa, 0xa5, 0xfa, 0xa5, 0xfa, 0xa5, 0xfa, 0xa5, 0xfa, 0xa5, 0xda, 0x9d, 0x3b, 0xae, 0x29, 0x3a, 0x00, 0x00, 0x00, 0x00,
  0x00, 0x00, 0x00, 0x00, 0x00, 0x00, 0x00, 0x00, 0x00, 0x00, 0x00, 0x00, 0x00, 0x00, 0x00, 0x00, 0x00, 0x00, 0x00, 0x00, 0x00, 0x00, 0x00, 0x00,
  0x00, 0x00, 0x00, 0x00, 0x00, 0x00, 0x00, 0x00, 0x00, 0x00, 0x00, 0x00, 0x00, 0x00, 0x00, 0x00, 0x00, 0x00, 0x00, 0x00, 0x00, 0x00, 0x00, 0x00,
  0x83, 0x08, 0x93, 0x53, 0x93, 0x53, 0x73, 0x53, 0x73, 0x53, 0x73, 0x53, 0x53, 0x53, 0x53, 0x53, 0x52, 0x4b, 0x32, 0x4b, 0x32, 0x4b, 0x32, 0x4b,
  0x32, 0x4b, 0x12, 0x4b, 0x12, 0x43, 0x12, 0x43, 0xf2, 0x42, 0xf2, 0x42, 0xd1, 0x42, 0xf2, 0x42, 0x4e, 0x32, 0x00, 0x00, 0x00, 0x00, 0x00, 0x00,
  0x00, 0x00, 0x00, 0x00, 0x00, 0x00, 0x00, 0x00, 0x00, 0x00, 0x00, 0x00, 0x00, 0x00, 0x00, 0x00, 0x00, 0x00, 0x00, 0x00, 0x00, 0x00, 0x00, 0x00,
  0x00, 0x00, 0x00, 0x00, 0x00, 0x00, 0x00, 0x00, 0x00, 0x00, 0x00, 0x00, 0x00, 0x00, 0x00, 0x00, 0x4e, 0x22, 0x90, 0x22, 0x90, 0x22, 0x90, 0x22,
  0x90, 0x22, 0x90, 0x22, 0x90, 0x22, 0x90, 0x22, 0x90, 0x22, 0x90, 0x22, 0x90, 0x22, 0x90, 0x22, 0x90, 0x2a, 0xb0, 0x2a, 0xb0, 0x2a, 0xb0, 0x2a,
  0xb0, 0x2a, 0xb0, 0x2a, 0xd0, 0x2a, 0xd0, 0x2a, 0xd0, 0x32, 0xd0, 0x32, 0xd0, 0x32, 0xb5, 0x43, 0x59, 0x4c, 0x58, 0x4c, 0x58, 0x54, 0x78, 0x54,
  0x78, 0x54, 0x78, 0x54, 0x78, 0x54, 0x99, 0x5c, 0x57, 0x54, 0x31, 0x3b, 0x31, 0x3b, 0x31, 0x43, 0x31, 0x43, 0x51, 0x43, 0x51, 0x43, 0x51, 0x43,
  0x51, 0x43, 0x51, 0x43, 0x71, 0x4b, 0x71, 0x4b, 0x71, 0x4b, 0x71, 0x4b, 0x71, 0x4b, 0x71, 0x4b, 0x91, 0x4b, 0x92, 0x4b, 0x92, 0x53, 0x92, 0x53,
  0x92, 0x53, 0x92, 0x53, 0xb2, 0x53, 0x71, 0x4b, 0x41, 0x00, 0x00, 0x00, 0x00, 0x00, 0x00, 0x00, 0x00, 0x00, 0x34, 0x64, 0x1c, 0x96, 0xbb, 0x8d,
  0xdb, 0x8d, 0xdb, 0x8d, 0xdb, 0x8d, 0xdb, 0x95, 0xdb, 0x8d, 0x3d, 0x9e, 0x13, 0x64, 0x00, 0x00, 0x00, 0x00, 0x00, 0x00, 0x00, 0x00, 0x00, 0x00,
  0x00, 0x00, 0x00, 0x00, 0x00, 0x00, 0x00, 0x00, 0x00, 0x00, 0x00, 0x00, 0x00, 0x00, 0x00, 0x00, 0x00, 0x00, 0x00, 0x00, 0x00, 0x00, 0x00, 0x00,
  0x00, 0x00, 0x00, 0x00, 0x00, 0x00, 0x00, 0x00, 0x00, 0x00, 0x00, 0x00, 0x00, 0x00, 0x00, 0x00, 0x00, 0x00, 0x00, 0x00, 0x00, 0x00, 0x00, 0x00,
  0x00, 0x00, 0x00, 0x00, 0x00, 0x00, 0x00, 0x00, 0x00, 0x00, 0x00, 0x00, 0x00, 0x00, 0x56, 0x95, 0x3f, 0xc7, 0xdd, 0xbe, 0xfd, 0xbe, 0xfd, 0xc6,
  0xfe, 0xc6, 0x1e, 0xc7, 0xfd, 0xc6, 0x7f, 0xcf, 0x36, 0x95, 0x00, 0x00, 0x00, 0x00, 0x00, 0x00, 0x00, 0x00, 0x00, 0x00, 0x00, 0x00, 0x00, 0x00,
  0x00, 0x00, 0x77, 0x9d, 0x7f, 0xd7, 0x1d, 0xc7, 0x1e, 0xc7, 0x1e, 0xc7, 0x1d, 0xc7, 0x1d, 0xc7, 0xfd, 0xc6, 0xfd, 0xc6, 0xfd, 0xc6, 0xfd, 0xc6,
  0xfd, 0xc6, 0xdd, 0xbe, 0xdd, 0xbe, 0xbc, 0xbe, 0x1e, 0xc7, 0x77, 0x95, 0x20, 0x00, 0x00, 0x00, 0x00, 0x00, 0x00, 0x00, 0x00, 0x00, 0x00, 0x00,
  0x00, 0x00, 0x00, 0x00, 0x00, 0x00, 0x00, 0x00, 0x00, 0x00, 0x00, 0x00, 0x00, 0x00, 0x00, 0x00, 0x00, 0x00, 0x00, 0x00, 0x00, 0x00, 0x00, 0x00,
  0x00, 0x00, 0x00, 0x00, 0x00, 0x00, 0x00, 0x00, 0x00, 0x00, 0x00, 0x00, 0x00, 0x00, 0x00, 0x00, 0x00, 0x00, 0x04, 0x19, 0x1b, 0xa6, 0x1a, 0xa6,
  0xfa, 0xa5, 0xfa, 0xa5, 0xfa, 0xa5, 0xfa, 0xa5, 0xfa, 0xa5, 0xda, 0x9d, 0x3b, 0xae, 0x29, 0x3a, 0x00, 0x00, 0x00, 0x00, 0x00, 0x00, 0x00, 0x00,
  0x00, 0x00, 0x00, 0x00, 0x00, 0x00, 0x00, 0x00, 0x00, 0x00, 0x00, 0x00, 0x00, 0x00, 0x00, 0x00, 0x00, 0x00, 0x00, 0x00, 0x00, 0x00, 0x00, 0x00,
  0x00, 0x00, 0x00, 0x00, 0x00, 0x00, 0x00, 0x00, 0x00, 0x00, 0x00, 0x00, 0x00, 0x00, 0x00, 0x00, 0x00, 0x00, 0x00, 0x00, 0x0b, 0x32, 0xd5, 0x5b,
  0x73, 0x53, 0x73, 0x53, 0x73, 0x53, 0x73, 0x53, 0x53, 0x53, 0x53, 0x53, 0x52, 0x4b, 0x52, 0x4b, 0x12, 0x4b, 0x32, 0x4b, 0x32, 0x4b, 0x12, 0x4b,
  0x12, 0x43, 0x12, 0x43, 0xf2, 0x42, 0xf1, 0x42, 0xf1, 0x42, 0xd1, 0x42, 0xf2, 0x42, 0xc4, 0x10, 0x00, 0x00, 0x00, 0x00, 0x00, 0x00, 0x00, 0x00,
  0x00, 0x00, 0x00, 0x00, 0x00, 0x00, 0x00, 0x00, 0x00, 0x00, 0x00, 0x00, 0x00, 0x00, 0x00, 0x00, 0x00, 0x00, 0x00, 0x00, 0x00, 0x00, 0x00, 0x00,
  0x00, 0x00, 0x00, 0x00, 0x00, 0x00, 0x00, 0x00, 0x00, 0x00, 0x00, 0x00, 0x00, 0x00, 0x00, 0x00, 0x00, 0x00, 0x00, 0x00, 0x00, 0x00, 0x00, 0x00,
  0x00, 0x00, 0x00, 0x00, 0x00, 0x00, 0x00, 0x00, 0x00, 0x00, 0x00, 0x00, 0x00, 0x00, 0x00, 0x00, 0x00, 0x00, 0x00, 0x00, 0x00, 0x00, 0x00, 0x00,
  0x00, 0x00, 0x00, 0x00, 0x00, 0x00, 0x00, 0x00, 0x00, 0x00, 0x6e, 0x2a, 0x9a, 0x54, 0x38, 0x4c, 0x58, 0x54, 0x78, 0x54, 0x78, 0x54, 0x78, 0x54,
  0x78, 0x54, 0xba, 0x5c, 0xb4, 0x4b, 0x00, 0x00, 0x00, 0x00, 0x00, 0x00, 0x00, 0x00, 0x00, 0x00, 0x00, 0x00, 0x00, 0x00, 0x00, 0x00, 0x00, 0x00,
  0x00, 0x00, 0x00, 0x00, 0x00, 0x00, 0x00, 0x00, 0x00, 0x00, 0x00, 0x00, 0x00, 0x00, 0x00, 0x00, 0x00, 0x00, 0x00, 0x00, 0x00, 0x00, 0x00, 0x00,
  0x00, 0x00, 0x00, 0x00, 0x00, 0x00, 0x00, 0x00, 0x00, 0x00, 0x00, 0x00, 0x00, 0x00, 0x54, 0x64, 0x1c, 0x96, 0xbb, 0x8d, 0xdb, 0x8d, 0xdb, 0x8d,
  0xdb, 0x8d, 0xdb, 0x95, 0xdb, 0x8d, 0x3d, 0x9e, 0x13, 0x64, 0x00, 0x00, 0x00, 0x00, 0x00, 0x00, 0x00, 0x00, 0x00, 0x00, 0x00, 0x00, 0x00, 0x00,
  0x00, 0x00, 0x00, 0x00, 0x00, 0x00, 0x00, 0x00, 0x00, 0x00, 0x00, 0x00, 0x00, 0x00, 0x00, 0x00, 0x00, 0x00, 0x00, 0x00, 0x00, 0x00, 0x00, 0x00,
  0x00, 0x00, 0x00, 0x00, 0x00, 0x00, 0x00, 0x00, 0x00, 0x00, 0x00, 0x00, 0x00, 0x00, 0x00, 0x00, 0x00, 0x00, 0x00, 0x00, 0x00, 0x00, 0x00, 0x00,
  0x00, 0x00, 0x00, 0x00, 0x00, 0x00, 0x00, 0x00, 0x00, 0x00, 0x56, 0x95, 0x3f, 0xc7, 0xdd, 0xbe, 0xfd, 0xbe, 0xfd, 0xc6, 0xfe, 0xc6, 0x1e, 0xc7,
  0xfd, 0xc6, 0x7f, 0xcf, 0x36, 0x95, 0x00, 0x00, 0x00, 0x00, 0x00, 0x00, 0x00, 0x00, 0x00, 0x00, 0x00, 0x00, 0x00, 0x00, 0x00, 0x00, 0x77, 0x9d,
  0x7f, 0xd7, 0x1d, 0xc7, 0x1e, 0xc7, 0x1e, 0xc7, 0x1d, 0xc7, 0x1d, 0xc7, 0xfd, 0xc6, 0xfd, 0xc6, 0xfd, 0xc6, 0xfd, 0xc6, 0xfd, 0xc6, 0xdd, 0xbe,
  0xdd, 0xbe, 0xdd, 0xbe, 0xbc, 0xbe, 0x3f, 0xcf, 0xf1, 0x6b, 0x00, 0x00, 0x00, 0x00, 0x00, 0x00, 0x00, 0x00, 0x00, 0x00, 0x00, 0x00, 0x00, 0x00,
  0x00, 0x00, 0x00, 0x00, 0x00, 0x00, 0x00, 0x00, 0x00, 0x00, 0x00, 0x00, 0x00, 0x00, 0x00, 0x00, 0x00, 0x00, 0x00, 0x00, 0x00, 0x00, 0x00, 0x00,
  0x00, 0x00, 0x00, 0x00, 0x00, 0x00, 0x00, 0x00, 0x00, 0x00, 0x00, 0x00, 0x00, 0x00, 0x04, 0x19, 0x1b, 0xa6, 0x1a, 0xa6, 0xfa, 0xa5, 0xfa, 0xa5,
  0xfa, 0xa5, 0xfa, 0xa5, 0xfa, 0xa5, 0xda, 0x9d, 0x3b, 0xae, 0x29, 0x3a, 0x00, 0x00, 0x00, 0x00, 0x00, 0x00, 0x00, 0x00, 0x00, 0x00, 0x00, 0x00,
  0x00, 0x00, 0x00, 0x00, 0x00, 0x00, 0x00, 0x00, 0x00, 0x00, 0x00, 0x00, 0x00, 0x00, 0x00, 0x00, 0x00, 0x00, 0x00, 0x00, 0x00, 0x00, 0x00, 0x00,
  0x00, 0x00, 0x00, 0x00, 0x00, 0x00, 0x00, 0x00, 0x00, 0x00, 0x00, 0x00, 0x00, 0x00, 0x41, 0x08, 0x72, 0x53, 0x94, 0x5b, 0x93, 0x53, 0x73, 0x53,
  0x73, 0x53, 0x73, 0x53, 0x53, 0x53, 0x53, 0x53, 0x52, 0x4b, 0x53, 0x53, 0xa3, 0x08, 0x0c, 0x32, 0x53, 0x4b, 0x12, 0x4b, 0x12, 0x43, 0x12, 0x43,
  0xf2, 0x42, 0xf1, 0x42, 0xf1, 0x42, 0xd1, 0x42, 0xf2, 0x42, 0xec, 0x29, 0x00, 0x00, 0x00, 0x00, 0x00, 0x00, 0x00, 0x00, 0x00, 0x00, 0x00, 0x00,
  0x00, 0x00, 0x00, 0x00, 0x00, 0x00, 0x00, 0x00, 0x00, 0x00, 0x00, 0x00, 0x00, 0x00, 0x00, 0x00, 0x00, 0x00, 0x00, 0x00, 0x00, 0x00, 0x00, 0x00,
  0x00, 0x00, 0x00, 0x00, 0x00, 0x00, 0x00, 0x00, 0x00, 0x00, 0x00, 0x00, 0x00, 0x00, 0x00, 0x00, 0x00, 0x00, 0x00, 0x00, 0x00, 0x00, 0x00, 0x00,
  0x00, 0x00, 0x00, 0x00, 0x00, 0x00, 0x00, 0x00, 0x00, 0x00, 0x00, 0x00, 0x00, 0x00, 0x00, 0x00, 0x00, 0x00, 0x00, 0x00, 0x00, 0x00, 0x00, 0x00,
  0x00, 0x00, 0x20, 0x00, 0x00, 0x00, 0x8e, 0x2a, 0x9a, 0x54, 0x38, 0x4c, 0x58, 0x54, 0x78, 0x54, 0x78, 0x54, 0x78, 0x54, 0x78, 0x54, 0xba, 0x5c,
  0xd4, 0x4b, 0x00, 0x00, 0x00, 0x00, 0x00, 0x00, 0x00, 0x00, 0x00, 0x00, 0x00, 0x00, 0x00, 0x00, 0x00, 0x00, 0x00, 0x00, 0x00, 0x00, 0x00, 0x00,
  0x00, 0x00, 0x00, 0x00, 0x00, 0x00, 0x00, 0x00, 0x00, 0x00, 0x00, 0x00, 0x00, 0x00, 0x00, 0x00, 0x00, 0x00, 0x00, 0x00, 0x00, 0x00, 0x00, 0x00,
  0x00, 0x00, 0x00, 0x00, 0x00, 0x00, 0x00, 0x00, 0x00, 0x00, 0x54, 0x64, 0x1c, 0x96, 0xbb, 0x8d, 0xdb, 0x8d, 0xdb, 0x8d, 0xdb, 0x8d, 0xdb, 0x95,
  0xdb, 0x8d, 0x3d, 0x9e, 0x13, 0x64, 0x00, 0x00, 0x00, 0x00, 0x00, 0x00, 0x00, 0x00, 0x00, 0x00, 0x00, 0x00, 0x00, 0x00, 0x00, 0x00, 0x00, 0x00,
  0x00, 0x00, 0x00, 0x00, 0x00, 0x00, 0x00, 0x00, 0x00, 0x00, 0x00, 0x00, 0x00, 0x00, 0x00, 0x00, 0x00, 0x00, 0x00, 0x00, 0x00, 0x00, 0x00, 0x00,
  0x00, 0x00, 0x00, 0x00, 0x00, 0x00, 0x00, 0x00, 0x00, 0x00, 0x00, 0x00, 0x00, 0x00, 0x00, 0x00, 0x00, 0x00, 0x00, 0x00, 0x00, 0x00, 0x00, 0x00,
  0x00, 0x00, 0x00, 0x00, 0x00, 0x00, 0x56, 0x95, 0x3f, 0xc7, 0xdd, 0xbe, 0xfd, 0xbe, 0xfd, 0xc6, 0xfe, 0xc6, 0x1e, 0xc7, 0xfd, 0xc6, 0x7f, 0xcf,
  0x36, 0x95, 0x00, 0x00, 0x00, 0x00, 0x00, 0x00, 0x00, 0x00, 0x00, 0x00, 0x00, 0x00, 0x00, 0x00, 0x00, 0x00, 0x77, 0x9d, 0x7f, 0xd7, 0x1d, 0xc7,
  0x1e, 0xc7, 0x1e, 0xc7, 0x1d, 0xc7, 0xfd, 0xc6, 0xfd, 0xc6, 0xfd, 0xc6, 0xfd, 0xc6, 0xfd, 0xc6, 0xfd, 0xc6, 0xdd, 0xbe, 0xdd, 0xbe, 0xdd, 0xbe,
  0xdd, 0xbe, 0xbc, 0xbe, 0x3e, 0xc7, 0x8a, 0x42, 0x00, 0x00, 0x00, 0x00, 0x00, 0x00, 0x00, 0x00, 0x00, 0x00, 0x00, 0x00, 0x00, 0x00, 0x00, 0x00,
  0x00, 0x00, 0x00, 0x00, 0x00, 0x00, 0x00, 0x00, 0x00, 0x00, 0x00, 0x00, 0x00, 0x00, 0x00, 0x00, 0x00, 0x00, 0x00, 0x00, 0x00, 0x00, 0x00, 0x00,
  0x00, 0x00, 0x00, 0x00, 0x00, 0x00, 0x00, 0x00, 0x00, 0x00, 0x04, 0x19, 0x1b, 0xa6, 0x1a, 0xa6, 0xfa, 0xa5, 0xfa, 0xa5, 0xfa, 0xa5, 0xfa, 0xa5,
  0xfa, 0xa5, 0xda, 0x9d, 0x3b, 0xae, 0x29, 0x3a, 0x00, 0x00, 0x00, 0x00, 0x00, 0x00, 0x00, 0x00, 0x00, 0x00, 0x00, 0x00, 0x00, 0x00, 0x00, 0x00,
  0x00, 0x00, 0x00, 0x00, 0x00, 0x00, 0x00, 0x00, 0x00, 0x00, 0x00, 0x00, 0x00, 0x00, 0x00, 0x00, 0x00, 0x00, 0x00, 0x00, 0x00, 0x00, 0x00, 0x00,
  0x00, 0x00, 0x00, 0x00, 0x00, 0x00, 0x00, 0x00, 0x00, 0x00, 0xc9, 0x29, 0xd5, 0x5b, 0x73, 0x53, 0x93, 0x53, 0x73, 0x53, 0x73, 0x53, 0x73, 0x53,
  0x53, 0x53, 0x52, 0x4b, 0x73, 0x53, 0x8e, 0x3a, 0x00, 0x00, 0xe5, 0x10, 0x53, 0x4b, 0x12, 0x4b, 0x12, 0x43, 0x12, 0x43, 0xf2, 0x42, 0xf1, 0x42,
  0xf1, 0x42, 0xd1, 0x42, 0xd1, 0x42, 0xd1, 0x3a, 0x83, 0x08, 0x00, 0x00, 0x00, 0x00, 0x00, 0x00, 0x00, 0x00, 0x00, 0x00, 0x00, 0x00, 0x00, 0x00,
  0x00, 0x00, 0x00, 0x00, 0x00, 0x00, 0x00, 0x00, 0x00, 0x00, 0x00, 0x00, 0x00, 0x00, 0x00, 0x00, 0x00, 0x00, 0x00, 0x00, 0x00, 0x00, 0x00, 0x00,
  0x00, 0x00, 0x00, 0x00, 0x00, 0x00, 0x00, 0x00, 0x00, 0x00, 0x00, 0x00, 0x00, 0x00, 0x00, 0x00, 0x00, 0x00, 0x00, 0x00, 0x00, 0x00, 0x00, 0x00,
  0x00, 0x00, 0x00, 0x00, 0x00, 0x00, 0x00, 0x00, 0x00, 0x00, 0x00, 0x00, 0x00, 0x00, 0x00, 0x00, 0x00, 0x00, 0x00, 0x00, 0x00, 0x00, 0x00, 0x00,
  0x00, 0x00, 0x8e, 0x2a, 0x9a, 0x54, 0x38, 0x4c, 0x58, 0x54, 0x78, 0x54, 0x78, 0x54, 0x78, 0x54, 0x78, 0x54, 0xba, 0x5c, 0xd4, 0x4b, 0x00, 0x00,
  0x00, 0x00, 0x00, 0x00, 0x00, 0x00, 0x00, 0x00, 0x00, 0x00, 0x00, 0x00, 0x00, 0x00, 0x00, 0x00, 0x00, 0x00, 0x00, 0x00, 0x00, 0x00, 0x00, 0x00,
  0x00, 0x00, 0x00, 0x00, 0x00, 0x00, 0x00, 0x00, 0x00, 0x00, 0x00, 0x00, 0x00, 0x00, 0x00, 0x00, 0x00, 0x00, 0x00, 0x00, 0x00, 0x00, 0x00, 0x00,
  0x00, 0x00, 0x00, 0x00, 0x00, 0x00, 0x54, 0x64, 0x1c, 0x96, 0xbb, 0x8d, 0xdb, 0x8d, 0xdb, 0x8d, 0xdb, 0x8d, 0xdb, 0x95, 0xdb, 0x8d, 0x3d, 0x9e,
  0x13, 0x64, 0x00, 0x00, 0x00, 0x00, 0x00, 0x00, 0x00, 0x00, 0x00, 0x00, 0x00, 0x00, 0x00, 0x00, 0x00, 0x00, 0x00, 0x00, 0x00, 0x00, 0x00, 0x00,
  0x00, 0x00, 0x00, 0x00, 0x00, 0x00, 0x00, 0x00, 0x00, 0x00, 0x00, 0x00, 0x00, 0x00, 0x00, 0x00, 0x00, 0x00, 0x00, 0x00, 0x00, 0x00, 0x00, 0x00,
  0x00, 0x00, 0x00, 0x00, 0x00, 0x00, 0x00, 0x00, 0x00, 0x00, 0x00, 0x00, 0x00, 0x00, 0x00, 0x00, 0x00, 0x00, 0x00, 0x00, 0x00, 0x00, 0x00, 0x00,
  0x00, 0x00, 0x56, 0x95, 0x3f, 0xc7, 0xdd, 0xbe, 0xfd, 0xbe, 0xfd, 0xc6, 0xfe, 0xc6, 0x1e, 0xc7, 0xfd, 0xc6, 0x7f, 0xcf, 0x36, 0x95, 0x00, 0x00,
  0x00, 0x00, 0x00, 0x00, 0x00, 0x00, 0x00, 0x00, 0x00, 0x00, 0x00, 0x00, 0x00, 0x00, 0x77, 0x9d, 0x7f, 0xd7, 0x1d, 0xc7, 0x1e, 0xc7, 0x1e, 0xc7,
  0x1d, 0xc7, 0x1d, 0xc7, 0xfd, 0xc6, 0xfd, 0xc6, 0xfd, 0xc6, 0xfd, 0xc6, 0xfd, 0xc6, 0xdd, 0xbe, 0xdd, 0xbe, 0xdd, 0xbe, 0xdd, 0xbe, 0xbc, 0xbe,
  0xdd, 0xbe, 0x9c, 0xbe, 0x25, 0x21, 0x00, 0x00, 0x00, 0x00, 0x00, 0x00, 0x00, 0x00, 0x00, 0x00, 0x00, 0x00, 0x00, 0x00, 0x00, 0x00, 0x00, 0x00,
  0x00, 0x00, 0x00, 0x00, 0x00, 0x00, 0x00, 0x00, 0x00, 0x00, 0x00, 0x00, 0x00, 0x00, 0x00, 0x00, 0x00, 0x00, 0x00, 0x00, 0x00, 0x00, 0x00, 0x00,
  0x00, 0x00, 0x00, 0x00, 0x00, 0x00, 0x04, 0x19, 0x1a, 0xa6, 0x1a, 0xa6, 0xfa, 0xa5, 0xfa, 0xa5, 0xfa, 0xa5, 0xfa, 0xa5, 0xfa, 0xa5, 0xda, 0x9d,
  0x3b, 0xae, 0x29, 0x3a, 0x00, 0x00, 0x00, 0x00, 0x00, 0x00, 0x00, 0x00, 0x00, 0x00, 0x00, 0x00, 0x00, 0x00, 0x00, 0x00, 0x00, 0x00, 0x00, 0x00,
  0x00, 0x00, 0x00, 0x00, 0x00, 0x00, 0x00, 0x00, 0x00, 0x00, 0x00, 0x00, 0x00, 0x00, 0x00, 0x00, 0x00, 0x00, 0x00, 0x00, 0x00, 0x00, 0x00, 0x00,
  0x00, 0x00, 0x00, 0x00, 0x20, 0x00, 0x31, 0x4b, 0xb4, 0x5b, 0x93, 0x53, 0x93, 0x53, 0x73, 0x53, 0x73, 0x53, 0x73, 0x53, 0x53, 0x53, 0x52, 0x4b,
  0x74, 0x53, 0x26, 0x19, 0x00, 0x00, 0x00, 0x00, 0x8f, 0x3a, 0x33, 0x4b, 0x12, 0x43, 0x12, 0x43, 0xf2, 0x42, 0xf1, 0x42, 0xf1, 0x42, 0xd1, 0x42,
  0xd1, 0x3a, 0xf2, 0x42, 0xaa, 0x21, 0x00, 0x00, 0x00, 0x00, 0x00, 0x00, 0x00, 0x00, 0x00, 0x00, 0x00, 0x00, 0x00, 0x00, 0x00, 0x00, 0x00, 0x00,
  0x00, 0x00, 0x00, 0x00, 0x00, 0x00, 0x00, 0x00, 0x00, 0x00, 0x00, 0x00, 0x00, 0x00, 0x00, 0x00, 0x00, 0x00, 0x00, 0x00, 0x00, 0x00, 0x00, 0x00,
  0x00, 0x00, 0x00, 0x00, 0x00, 0x00, 0x00, 0x00, 0x00, 0x00, 0x00, 0x00, 0x00, 0x00, 0x00, 0x00, 0x00, 0x00, 0x00, 0x00, 0x00, 0x00, 0x00, 0x00,
  0x00, 0x00, 0x00, 0x00, 0x00, 0x00, 0x00, 0x00, 0x00, 0x00, 0x00, 0x00, 0x00, 0x00, 0x00, 0x00, 0x00, 0x00, 0x00, 0x00, 0x00, 0x00, 0x8e, 0x2a,
  0x9a, 0x54, 0x38, 0x4c, 0x58, 0x54, 0x78, 0x54, 0x78, 0x54, 0x78, 0x54, 0x78, 0x54, 0xba, 0x5c, 0xd4, 0x4b, 0x00, 0x00, 0x00, 0x00, 0x00, 0x00,
  0x00, 0x00, 0x00, 0x00, 0x00, 0x00, 0x00, 0x00, 0x00, 0x00, 0x00, 0x00, 0x00, 0x00, 0x00, 0x00, 0x00, 0x00, 0x00, 0x00, 0x00, 0x00, 0x00, 0x00,
  0x00, 0x00, 0x00, 0x00, 0x00, 0x00, 0x00, 0x00, 0x00, 0x00, 0x00, 0x00, 0x00, 0x00, 0x00, 0x00, 0x00, 0x00, 0x00, 0x00, 0x00, 0x00, 0x00, 0x00,
  0x00, 0x00, 0x54, 0x64, 0x1c, 0x96, 0xbb, 0x8d, 0xdb, 0x8d, 0xdb, 0x8d, 0xdb, 0x8d, 0xdb, 0x95, 0xdb, 0x8d, 0x3d, 0x9e, 0x13, 0x64, 0x00, 0x00,
  0x00, 0x00, 0x00, 0x00, 0x00, 0x00, 0x00, 0x00, 0x00, 0x00, 0x00, 0x00, 0x00, 0x00, 0x00, 0x00, 0x00, 0x00, 0x00, 0x00, 0x00, 0x00, 0x00, 0x00,
  0x00, 0x00, 0x00, 0x00, 0x00, 0x00, 0x00, 0x00, 0x00, 0x00, 0x00, 0x00, 0x00, 0x00, 0x00, 0x00, 0x00, 0x00, 0x00, 0x00, 0x00, 0x00, 0x00, 0x00,
  0x00, 0x00, 0x00, 0x00, 0x00, 0x00, 0x00, 0x00, 0x00, 0x00, 0x00, 0x00, 0x00, 0x00, 0x00, 0x00, 0x00, 0x00, 0x00, 0x00, 0x00, 0x00, 0x56, 0x95,
  0x3f, 0xc7, 0xdd, 0xbe, 0xfd, 0xbe, 0xfe, 0xc6, 0xfe, 0xc6, 0x1e, 0xc7, 0xfd, 0xc6, 0x7f, 0xcf, 0x36, 0x95, 0x00, 0x00, 0x00, 0x00, 0x00, 0x00,
  0x00, 0x00, 0x00, 0x00, 0x00, 0x00, 0x00, 0x00, 0x00, 0x00, 0x77, 0x9d, 0x7f, 0xd7, 0x1d, 0xc7, 0x1e, 0xc7, 0x1e, 0xc7, 0x1d, 0xc7, 0x1d, 0xc7,
  0xfd, 0xc6, 0xfd, 0xc6, 0xdd, 0xc6, 0xdd, 0xbe, 0xfd, 0xc6, 0xdd, 0xbe, 0xdd, 0xbe, 0xdd, 0xbe, 0xdd, 0xbe, 0xdd, 0xbe, 0xbc, 0xbe, 0xfe, 0xc6,
  0xb8, 0x9d, 0x41, 0x08, 0x00, 0x00, 0x00, 0x00, 0x00, 0x00, 0x00, 0x00, 0x00, 0x00, 0x00, 0x00, 0x00, 0x00, 0x00, 0x00, 0x00, 0x00, 0x00, 0x00,
  0x00, 0x00, 0x00, 0x00, 0x00, 0x00, 0x00, 0x00, 0x00, 0x00, 0x00, 0x00, 0x00, 0x00, 0x00, 0x00, 0x00, 0x00, 0x00, 0x00, 0x00, 0x00, 0x00, 0x00,
  0x00, 0x00, 0x04, 0x19, 0x1a, 0xa6, 0x1a, 0xa6, 0xfa, 0xa5, 0xfa, 0xa5, 0xfa, 0xa5, 0xfa, 0xa5, 0xfa, 0xa5, 0xda, 0x9d, 0x3b, 0xae, 0x29, 0x3a,
  0x00, 0x00, 0x00, 0x00, 0x00, 0x00, 0x00, 0x00, 0x00, 0x00, 0x00, 0x00, 0x00, 0x00, 0x00, 0x00, 0x00, 0x00, 0x00, 0x00, 0x00, 0x00, 0x00, 0x00,
  0x00, 0x00, 0x00, 0x00, 0x00, 0x00, 0x00, 0x00, 0x00, 0x00, 0x00, 0x00, 0x00, 0x00, 0x00, 0x00, 0x00, 0x00, 0x00, 0x00, 0x00, 0x00, 0x00, 0x00,
  0x67, 0x21, 0xd5, 0x5b, 0x93, 0x53, 0x93, 0x53, 0x93, 0x53, 0x73, 0x53, 0x73, 0x53, 0x73, 0x53, 0x53, 0x53, 0x73, 0x53, 0xf1, 0x42, 0x20, 0x00,
  0x00, 0x00, 0x00, 0x00, 0x68, 0x21, 0x53, 0x4b, 0xf1, 0x42, 0x12, 0x43, 0xf2, 0x42, 0xf1, 0x42, 0xf1, 0x42, 0xd1, 0x42, 0xd1, 0x42, 0xd1, 0x3a,
  0xb0, 0x3a, 0x41, 0x00, 0x00, 0x00, 0x00, 0x00, 0x00, 0x00, 0x00, 0x00, 0x00, 0x00, 0x00, 0x00, 0x00, 0x00, 0x00, 0x00, 0x00, 0x00, 0x00, 0x00,
  0x00, 0x00, 0x00, 0x00, 0x00, 0x00, 0x00, 0x00, 0x00, 0x00, 0x00, 0x00, 0x00, 0x00, 0x00, 0x00, 0x00, 0x00, 0x00, 0x00, 0x00, 0x00, 0x00, 0x00,
  0x00, 0x00, 0x00, 0x00, 0x00, 0x00, 0x00, 0x00, 0x00, 0x00, 0x00, 0x00, 0x00, 0x00, 0x00, 0x00, 0x00, 0x00, 0x00, 0x00, 0x00, 0x00, 0x00, 0x00,
  0x00, 0x00, 0x00, 0x00, 0x00, 0x00, 0x00, 0x00, 0x00, 0x00, 0x00, 0x00, 0x00, 0x00, 0x00, 0x00, 0x00, 0x00, 0x8e, 0x2a, 0x9a, 0x54, 0x38, 0x4c,
  0x58, 0x54, 0x78, 0x54, 0x78, 0x54, 0x78, 0x54, 0x78, 0x54, 0xba, 0x5c, 0xd4, 0x4b, 0x00, 0x00, 0x00, 0x00, 0x00, 0x00, 0x00, 0x00, 0x00, 0x00,
  0x00, 0x00, 0x00, 0x00, 0x00, 0x00, 0x00, 0x00, 0x00, 0x00, 0x00, 0x00, 0x00, 0x00, 0x00, 0x00, 0x00, 0x00, 0x00, 0x00, 0x00, 0x00, 0x00, 0x00,
  0x00, 0x00, 0x00, 0x00, 0x00, 0x00, 0x00, 0x00, 0x00, 0x00, 0x00, 0x00, 0x00, 0x00, 0x00, 0x00, 0x00, 0x00, 0x00, 0x00, 0x00, 0x00, 0x34, 0x64,
  0x1c, 0x96, 0xbb, 0x8d, 0xdb, 0x8d, 0xdb, 0x8d, 0xdb, 0x8d, 0xdb, 0x95, 0xdb, 0x8d, 0x3d, 0x9e, 0x13, 0x64, 0x00, 0x00, 0x00, 0x00, 0x00, 0x00,
  0x00, 0x00, 0x00, 0x00, 0x00, 0x00, 0x00, 0x00, 0x00, 0x00, 0x00, 0x00, 0x00, 0x00, 0x00, 0x00, 0x00, 0x00, 0x00, 0x00, 0x00, 0x00, 0x00, 0x00,
  0x00, 0x00, 0x00, 0x00, 0x00, 0x00, 0x00, 0x00, 0x00, 0x00, 0x00, 0x00, 0x00, 0x00, 0x00, 0x00, 0x00, 0x00, 0x00, 0x00, 0x00, 0x00, 0x00, 0x00,
  0x00, 0x00, 0x00, 0x00, 0x00, 0x00, 0x00, 0x00, 0x00, 0x00, 0x00, 0x00, 0x00, 0x00, 0x00, 0x00, 0x00, 0x00, 0x56, 0x95, 0x3f, 0xc7, 0xdd, 0xbe,
  0xfd, 0xbe, 0xfe, 0xc6, 0xfe, 0xc6, 0x1e, 0xc7, 0xfd, 0xc6, 0x7f, 0xcf, 0x36, 0x95, 0x00, 0x00, 0x00, 0x00, 0x00, 0x00, 0x00, 0x00, 0x00, 0x00,
  0x00, 0x00, 0x00, 0x00, 0x00, 0x00, 0x77, 0x9d, 0x7f, 0xd7, 0x1d, 0xc7, 0x1e, 0xc7, 0x1e, 0xc7, 0x1d, 0xc7, 0x1d, 0xc7, 0xfd, 0xc6, 0xfd, 0xc6,
  0x3f, 0xcf, 0x3e, 0xc7, 0xdd, 0xbe, 0xdd, 0xbe, 0xdd, 0xbe, 0xdd, 0xbe, 0xdd, 0xbe, 0xdd, 0xbe, 0xbd, 0xbe, 0x9c, 0xb6, 0x3e, 0xc7, 0x52, 0x7c,
  0x00, 0x00, 0x00, 0x00, 0x00, 0x00, 0x00, 0x00, 0x00, 0x00, 0x00, 0x00, 0x00, 0x00, 0x00, 0x00, 0x00, 0x00, 0x00, 0x00, 0x00, 0x00, 0x00, 0x00,
  0x00, 0x00, 0x00, 0x00, 0x00, 0x00, 0x00, 0x00, 0x00, 0x00, 0x00, 0x00, 0x00, 0x00, 0x00, 0x00, 0x00, 0x00, 0x00, 0x00, 0x00, 0x00, 0x04, 0x19,
  0x1b, 0xa6, 0x1a, 0xa6, 0xfa, 0xa5, 0xfa, 0xa5, 0xfa, 0xa5, 0xfa, 0xa5, 0xfa, 0xa5, 0xda, 0x9d, 0x3b, 0xae, 0x29, 0x3a, 0x00, 0x00, 0x00, 0x00,
  0x00, 0x00, 0x00, 0x00, 0x00, 0x00, 0x00, 0x00, 0x00, 0x00, 0x00, 0x00, 0x00, 0x00, 0x00, 0x00, 0x00, 0x00, 0x00, 0x00, 0x00, 0x00, 0x00, 0x00,
  0x00, 0x00, 0x00, 0x00, 0x00, 0x00, 0x00, 0x00, 0x00, 0x00, 0x00, 0x00, 0x00, 0x00, 0x00, 0x00, 0x00, 0x00, 0x00, 0x00, 0xf0, 0x4a, 0xd4, 0x5b,
  0x93, 0x53, 0x93, 0x53, 0x93, 0x53, 0x73, 0x53, 0x73, 0x53, 0x73, 0x53, 0x52, 0x53, 0x94, 0x53, 0xca, 0x29, 0x00, 0x00, 0x00, 0x00, 0x00, 0x00,
  0x41, 0x00, 0xf1, 0x42, 0x12, 0x4b, 0x12, 0x43, 0xf2, 0x42, 0xf1, 0x42, 0xf1, 0x42, 0xd1, 0x42, 0xd1, 0x42, 0xb1, 0x3a, 0xf2, 0x42, 0x68, 0x19,
  0x00, 0x00, 0x00, 0x00, 0x00, 0x00, 0x00, 0x00, 0x00, 0x00, 0x00, 0x00, 0x00, 0x00, 0x00, 0x00, 0x00, 0x00, 0x00, 0x00, 0x00, 0x00, 0x00, 0x00,
  0x00, 0x00, 0x00, 0x00, 0x00, 0x00, 0x00, 0x00, 0x00, 0x00, 0x00, 0x00, 0x00, 0x00, 0x00, 0x00, 0x00, 0x00, 0x00, 0x00, 0x00, 0x00, 0x00, 0x00,
  0x00, 0x00, 0x00, 0x00, 0x00, 0x00, 0x00, 0x00, 0x00, 0x00, 0x00, 0x00, 0x00, 0x00, 0x00, 0x00, 0x00, 0x00, 0x00, 0x00, 0x00, 0x00, 0x00, 0x00,
  0x00, 0x00, 0x00, 0x00, 0x00, 0x00, 0x00, 0x00, 0x00, 0x00, 0x00, 0x00, 0x00, 0x00, 0x8e, 0x2a, 0x9a, 0x54, 0x38, 0x4c, 0x58, 0x54, 0x78, 0x54,
  0x78, 0x54, 0x78, 0x54, 0x78, 0x54, 0xba, 0x5c, 0xd4, 0x4b, 0x00, 0x00, 0x00, 0x00, 0x00, 0x00, 0x00, 0x00, 0x00, 0x00, 0x00, 0x00, 0x00, 0x00,
  0x00, 0x00, 0x00, 0x00, 0x00, 0x00, 0x00, 0x00, 0x00, 0x00, 0x00, 0x00, 0x00, 0x00, 0x00, 0x00, 0x00, 0x00, 0x00, 0x00, 0x00, 0x00, 0x00, 0x00,
  0x00, 0x00, 0x00, 0x00, 0x00, 0x00, 0x00, 0x00, 0x00, 0x00, 0x00, 0x00, 0x00, 0x00, 0x00, 0x00, 0x00, 0x00, 0x34, 0x64, 0x1c, 0x96, 0xbb, 0x8d,
  0xdb, 0x8d, 0xdb, 0x8d, 0xdb, 0x8d, 0xdb, 0x95, 0xdb, 0x8d, 0x3d, 0x9e, 0x13, 0x64, 0x00, 0x00, 0x00, 0x00, 0x00, 0x00, 0x00, 0x00, 0x00, 0x00,
  0x00, 0x00, 0x00, 0x00, 0x00, 0x00, 0x00, 0x00, 0x00, 0x00, 0x00, 0x00, 0x00, 0x00, 0x00, 0x00, 0x00, 0x00, 0x00, 0x00, 0x00, 0x00, 0x00, 0x00,
  0x00, 0x00, 0x00, 0x00, 0x00, 0x00, 0x00, 0x00, 0x00, 0x00, 0x00, 0x00, 0x00, 0x00, 0x00, 0x00, 0x00, 0x00, 0x00, 0x00, 0x00, 0x00, 0x00, 0x00,
  0x00, 0x00, 0x00, 0x00, 0x00, 0x00, 0x00, 0x00, 0x00, 0x00, 0x00, 0x00, 0x00, 0x00, 0x56, 0x95, 0x3f, 0xc7, 0xdd, 0xbe, 0xfd, 0xbe, 0xfe, 0xc6,
  0xfe, 0xc6, 0x1e, 0xc7, 0xfd, 0xc6, 0x7f, 0xcf, 0x36, 0x95, 0x00, 0x00, 0x00, 0x00, 0x00, 0x00, 0x00, 0x00, 0x00, 0x00, 0x00, 0x00, 0x00, 0x00,
  0x00, 0x00, 0x77, 0x9d, 0x7f, 0xd7, 0x1d, 0xc7, 0x1e, 0xc7, 0x1e, 0xc7, 0x1e, 0xc7, 0x1d, 0xc7, 0xfd, 0xc6, 0x5f, 0xcf, 0x11, 0x74, 0x36, 0x95,
  0x5f, 0xcf, 0xdd, 0xbe, 0xdd, 0xbe, 0xdd, 0xbe, 0xdd, 0xbe, 0xdd, 0xbe, 0xbd, 0xbe, 0xbd, 0xbe, 0x9c, 0xb6, 0x1e, 0xc7, 0xec, 0x52, 0x00, 0x00,
  0x00, 0x00, 0x00, 0x00, 0x00, 0x00, 0x00, 0x00, 0x00, 0x00, 0x00, 0x00, 0x00, 0x00, 0x00, 0x00, 0x00, 0x00, 0x00, 0x00, 0x00, 0x00, 0x00, 0x00,
  0x00, 0x00, 0x00, 0x00, 0x00, 0x00, 0x00, 0x00, 0x00, 0x00, 0x00, 0x00, 0x00, 0x00, 0x00, 0x00, 0x00, 0x00, 0x04, 0x19, 0x1a, 0xa6, 0x1a, 0xa6,
  0xfa, 0xa5, 0xfa, 0xa5, 0xfa, 0xa5, 0xfa, 0xa5, 0xfa, 0xa5, 0xda, 0x9d, 0x3b, 0xae, 0x29, 0x3a, 0x00, 0x00, 0x00, 0x00, 0x00, 0x00, 0x00, 0x00,
  0x00, 0x00, 0x00, 0x00, 0x00, 0x00, 0x00, 0x00, 0x00, 0x00, 0x00, 0x00, 0x00, 0x00, 0x00, 0x00, 0x00, 0x00, 0x00, 0x00, 0x00, 0x00, 0x00, 0x00,
  0x00, 0x00, 0x00, 0x00, 0x00, 0x00, 0x00, 0x00, 0x00, 0x00, 0x00, 0x00, 0x00, 0x00, 0x05, 0x19, 0xd4, 0x5b, 0x93, 0x5b, 0x93, 0x5b, 0x93, 0x53,
  0x93, 0x53, 0x73, 0x53, 0x73, 0x53, 0x73, 0x53, 0x53, 0x53, 0x53, 0x4b, 0x82, 0x08, 0x00, 0x00, 0x00, 0x00, 0x00, 0x00, 0x00, 0x00, 0xeb, 0x29,
  0x53, 0x4b, 0xf1, 0x42, 0xf2, 0x42, 0xf1, 0x42, 0xf1, 0x42, 0xd1, 0x42, 0xd1, 0x42, 0xd1, 0x3a, 0xd1, 0x3a, 0x6f, 0x32, 0x20, 0x00, 0x00, 0x00,
  0x00, 0x00, 0x00, 0x00, 0x00, 0x00, 0x00, 0x00, 0x00, 0x00, 0x00, 0x00, 0x00, 0x00, 0x00, 0x00, 0x00, 0x00, 0x00, 0x00, 0x00, 0x00, 0x00, 0x00,
  0x00, 0x00, 0x00, 0x00, 0x00, 0x00, 0x00, 0x00, 0x00, 0x00, 0x00, 0x00, 0x00, 0x00, 0x00, 0x00, 0x00, 0x00, 0x00, 0x00, 0x00, 0x00, 0x00, 0x00,
  0x00, 0x00, 0x00, 0x00, 0x00, 0x00, 0x00, 0x00, 0x00, 0x00, 0x00, 0x00, 0x00, 0x00, 0x00, 0x00, 0x00, 0x00, 0x00, 0x00, 0x00, 0x00, 0x00, 0x00,
  0x00, 0x00, 0x00, 0x00, 0x00, 0x00, 0x00, 0x00, 0x00, 0x00, 0x8e, 0x2a, 0x9a, 0x54, 0x38, 0x4c, 0x58, 0x54, 0x78, 0x54, 0x78, 0x54, 0x78, 0x54,
  0x78, 0x54, 0xba, 0x5c, 0xd4, 0x4b, 0x00, 0x00, 0x00, 0x00, 0x00, 0x00, 0x00, 0x00, 0x00, 0x00, 0x00, 0x00, 0x00, 0x00, 0x00, 0x00, 0x00, 0x00,
  0x00, 0x00, 0x00, 0x00, 0x00, 0x00, 0x00, 0x00, 0x00, 0x00, 0x00, 0x00, 0x00, 0x00, 0x00, 0x00, 0x00, 0x00, 0x00, 0x00, 0x00, 0x00, 0x00, 0x00,
  0x00, 0x00, 0x00, 0x00, 0x00, 0x00, 0x00, 0x00, 0x00, 0x00, 0x00, 0x00, 0x00, 0x00, 0x34, 0x64, 0x1c, 0x96, 0xbb, 0x8d, 0xdb, 0x8d, 0xdb, 0x8d,
  0xdb, 0x8d, 0xdb, 0x95, 0xdb, 0x95, 0x3d, 0x9e, 0x13, 0x64, 0x00, 0x00, 0x00, 0x00, 0x00, 0x00, 0x00, 0x00, 0x00, 0x00, 0x00, 0x00, 0x00, 0x00,
  0x00, 0x00, 0x00, 0x00, 0x00, 0x00, 0x00, 0x00, 0x00, 0x00, 0x00, 0x00, 0x00, 0x00, 0x00, 0x00, 0x00, 0x00, 0x00, 0x00, 0x00, 0x00, 0x00, 0x00,
  0x00, 0x00, 0x00, 0x00, 0x00, 0x00, 0x00, 0x00, 0x00, 0x00, 0x00, 0x00, 0x00, 0x00, 0x00, 0x00, 0x00, 0x00, 0x00, 0x00, 0x00, 0x00, 0x00, 0x00,
  0x00, 0x00, 0x00, 0x00, 0x00, 0x00, 0x00, 0x00, 0x00, 0x00, 0x56, 0x95, 0x3f, 0xc7, 0xdd, 0xbe, 0xfd, 0xbe, 0xfe, 0xc6, 0xfe, 0xc6, 0x1e, 0xc7,
  0xfd, 0xc6, 0x7f, 0xcf, 0x36, 0x95, 0x00, 0x00, 0x00, 0x00, 0x00, 0x00, 0x00, 0x00, 0x00, 0x00, 0x00, 0x00, 0x00, 0x00, 0x00, 0x00, 0x77, 0x9d,
  0x7f, 0xd7, 0x1d, 0xc7, 0x1e, 0xc7, 0x1e, 0xc7, 0x1e, 0xc7, 0xfd, 0xc6, 0xfd, 0xc6, 0x7f, 0xd7, 0x6a, 0x42, 0xa2, 0x10, 0xdd, 0xbe, 0xfd, 0xc6,
  0xdd, 0xbe, 0xdd, 0xbe, 0xdd, 0xbe, 0xdd, 0xbe, 0xbd, 0xbe, 0xbd, 0xbe, 0xbc, 0xbe, 0xbc, 0xbe, 0xdd, 0xbe, 0x86, 0x29, 0x00, 0x00, 0x00, 0x00,
  0x00, 0x00, 0x00, 0x00, 0x00, 0x00, 0x00, 0x00, 0x00, 0x00, 0x00, 0x00, 0x00, 0x00, 0x00, 0x00, 0x00, 0x00, 0x00, 0x00, 0x00, 0x00, 0x00, 0x00,
  0x00, 0x00, 0x00, 0x00, 0x00, 0x00, 0x00, 0x00, 0x00, 0x00, 0x00, 0x00, 0x00, 0x00, 0x04, 0x19, 0x1a, 0xa6, 0x1a, 0xa6, 0xfa, 0xa5, 0xfa, 0xa5,
  0xfa, 0xa5, 0xfa, 0xa5, 0xfa, 0xa5, 0xda, 0x9d, 0x3b, 0xae, 0x29, 0x3a, 0x00, 0x00, 0x00, 0x00, 0x00, 0x00, 0x00, 0x00, 0x00, 0x00, 0x00, 0x00,
  0x00, 0x00, 0x00, 0x00, 0x00, 0x00, 0x00, 0x00, 0x00, 0x00, 0x00, 0x00, 0x00, 0x00, 0x00, 0x00, 0x00, 0x00, 0x00, 0x00, 0x00, 0x00, 0x00, 0x00,
  0x00, 0x00, 0x00, 0x00, 0x00, 0x00, 0x00, 0x00, 0x00, 0x00, 0xae, 0x42, 0xf5, 0x63, 0x93, 0x5b, 0x93, 0x5b, 0x93, 0x53, 0x93, 0x53, 0x73, 0x53,
  0x73, 0x53, 0x53, 0x53, 0x94, 0x53, 0x4d, 0x3a, 0x00, 0x00, 0x00, 0x00, 0x00, 0x00, 0x00, 0x00, 0x00, 0x00, 0xa4, 0x10, 0x32, 0x4b, 0x12, 0x43,
  0xf2, 0x42, 0xf1, 0x42, 0xf1, 0x42, 0xd1, 0x42, 0xd1, 0x42, 0xd1, 0x3a, 0xb1, 0x3a, 0xf2, 0x42, 0x06, 0x19, 0x00, 0x00, 0x00, 0x00, 0x00, 0x00,
  0x00, 0x00, 0x00, 0x00, 0x00, 0x00, 0x00, 0x00, 0x00, 0x00, 0x00, 0x00, 0x00, 0x00, 0x00, 0x00, 0x00, 0x00, 0x00, 0x00, 0x00, 0x00, 0x00, 0x00,
  0x00, 0x00, 0x00, 0x00, 0x00, 0x00, 0x00, 0x00, 0x00, 0x00, 0x00, 0x00, 0x00, 0x00, 0x00, 0x00, 0x00, 0x00, 0x00, 0x00, 0x00, 0x00, 0x00, 0x00,
  0x00, 0x00, 0x00, 0x00, 0x00, 0x00, 0x00, 0x00, 0x00, 0x00, 0x00, 0x00, 0x00, 0x00, 0x00, 0x00, 0x00, 0x00, 0x00, 0x00, 0x00, 0x00, 0x00, 0x00,
  0x00, 0x00, 0x00, 0x00, 0x00, 0x00, 0x8e, 0x2a, 0x9a, 0x54, 0x38, 0x4c, 0x58, 0x54, 0x78, 0x54, 0x78, 0x54, 0x78, 0x54, 0x78, 0x54, 0xba, 0x5c,
  0xd4, 0x4b, 0x00, 0x00, 0x00, 0x00, 0x00, 0x00, 0x00, 0x00, 0x00, 0x00, 0x00, 0x00, 0x00, 0x00, 0x00, 0x00, 0x00, 0x00, 0x00, 0x00, 0x00, 0x00,
  0x00, 0x00, 0x00, 0x00, 0x00, 0x00, 0x00, 0x00, 0x00, 0x00, 0x00, 0x00, 0x00, 0x00, 0x00, 0x00, 0x00, 0x00, 0x00, 0x00, 0x00, 0x00, 0x00, 0x00,
  0x00, 0x00, 0x00, 0x00, 0x00, 0x00, 0x00, 0x00, 0x00, 0x00, 0x54, 0x64, 0x1c, 0x96, 0xbb, 0x8d, 0xdb, 0x8d, 0xdb, 0x8d, 0xdb, 0x8d, 0xdb, 0x95,
  0xdb, 0x8d, 0x3d, 0x9e, 0x13, 0x64, 0x00, 0x00, 0x00, 0x00, 0x00, 0x00, 0x00, 0x00, 0x00, 0x00, 0x00, 0x00, 0x00, 0x00, 0x00, 0x00, 0x00, 0x00,
  0x00, 0x00, 0x00, 0x00, 0x00, 0x00, 0x00, 0x00, 0x00, 0x00, 0x00, 0x00, 0x00, 0x00, 0x00, 0x00, 0x00, 0x00, 0x00, 0x00, 0x00, 0x00, 0x00, 0x00,
  0x00, 0x00, 0x00, 0x00, 0x00, 0x00, 0x00, 0x00, 0x00, 0x00, 0x00, 0x00, 0x00, 0x00, 0x00, 0x00, 0x00, 0x00, 0x00, 0x00, 0x00, 0x00, 0x00, 0x00,
  0x00, 0x00, 0x00, 0x00, 0x00, 0x00, 0x56, 0x95, 0x3f, 0xc7, 0xdd, 0xbe, 0xfd, 0xbe, 0xfe, 0xc6, 0xfe, 0xc6, 0x1e, 0xc7, 0xfd, 0xc6, 0x7f, 0xcf,
  0x36, 0x95, 0x00, 0x00, 0x00, 0x00, 0x00, 0x00, 0x00, 0x00, 0x00, 0x00, 0x00, 0x00, 0x00, 0x00, 0x00, 0x00, 0x77, 0x9d, 0x7f, 0xd7, 0x1d, 0xc7,
  0x1e, 0xc7, 0x1e, 0xc7, 0x1e, 0xc7, 0xfd, 0xc6, 0xfd, 0xc6, 0x7f, 0xcf, 0x4e, 0x5b, 0x00, 0x00, 0xcb, 0x4a, 0x5f, 0xcf, 0xbc, 0xbe, 0xdd, 0xbe,
  0xdd, 0xbe, 0xdd, 0xbe, 0xbd, 0xbe, 0xbd, 0xbe, 0xbc, 0xbe, 0x9c, 0xb6, 0xdd, 0xbe, 0xf9, 0xa5, 0x82, 0x08, 0x00, 0x00, 0x00, 0x00, 0x00, 0x00,
  0x00, 0x00, 0x00, 0x00, 0x00, 0x00, 0x00, 0x00, 0x00, 0x00, 0x00, 0x00, 0x00, 0x00, 0x00, 0x00, 0x00, 0x00, 0x00, 0x00, 0x00, 0x00, 0x00, 0x00,
  0x00, 0x00, 0x00, 0x00, 0x00, 0x00, 0x00, 0x00, 0x00, 0x00, 0x04, 0x19, 0x1a, 0xa6, 0x1a, 0xa6, 0xfa, 0xa5, 0xfa, 0xa5, 0xfa, 0xa5, 0xfa, 0xa5,
  0xfa, 0xa5, 0xda, 0x9d, 0x3b, 0xae, 0x29, 0x3a, 0x00, 0x00, 0x00, 0x00, 0x00, 0x00, 0x00, 0x00, 0x00, 0x00, 0x00, 0x00, 0x00, 0x00, 0x00, 0x00,
  0x00, 0x00, 0x00, 0x00, 0x00, 0x00, 0x00, 0x00, 0x00, 0x00, 0x00, 0x00, 0x00, 0x00, 0x00, 0x00, 0x00, 0x00, 0x00, 0x00, 0x00, 0x00, 0x00, 0x00,
  0x00, 0x00, 0x00, 0x00, 0xa3, 0x10, 0xd4, 0x5b, 0xb4, 0x5b, 0x93, 0x5b, 0x93, 0x5b, 0x93, 0x53, 0x93, 0x53, 0x73, 0x53, 0x73, 0x53, 0x53, 0x53,
  0x94, 0x53, 0x05, 0x19, 0x00, 0x00, 0x00, 0x00, 0x00, 0x00, 0x00, 0x00, 0x00, 0x00, 0x00, 0x00, 0x6e, 0x3a, 0x32, 0x4b, 0xf1, 0x42, 0xf1, 0x42,
  0xf1, 0x42, 0xd1, 0x42, 0xd1, 0x42, 0xd1, 0x3a, 0xb1, 0x3a, 0xd1, 0x3a, 0x2e, 0x32, 0x00, 0x00, 0x00, 0x00, 0x00, 0x00, 0x00, 0x00, 0x00, 0x00,
  0x00, 0x00, 0x00, 0x00, 0x00, 0x00, 0x00, 0x00, 0x00, 0x00, 0x00, 0x00, 0x00, 0x00, 0x00, 0x00, 0x00, 0x00, 0x00, 0x00, 0x00, 0x00, 0x00, 0x00,
  0x00, 0x00, 0x00, 0x00, 0x00, 0x00, 0x00, 0x00, 0x00, 0x00, 0x00, 0x00, 0x00, 0x00, 0x00, 0x00, 0x00, 0x00, 0x00, 0x00, 0x00, 0x00, 0x00, 0x00,
  0x00, 0x00, 0x00, 0x00, 0x00, 0x00, 0x00, 0x00, 0x00, 0x00, 0x00, 0x00, 0x00, 0x00, 0x00, 0x00, 0x00, 0x00, 0x00, 0x00, 0x00, 0x00, 0x00, 0x00,
  0x00, 0x00, 0x8e, 0x2a, 0x9a, 0x54, 0x38, 0x4c, 0x58, 0x54, 0x78, 0x54, 0x78, 0x54, 0x78, 0x54, 0x78, 0x54, 0xb9, 0x5c, 0xd4, 0x4b, 0x00, 0x00,
  0x00, 0x00, 0x00, 0x00, 0x00, 0x00, 0x00, 0x00, 0x00, 0x00, 0x00, 0x00, 0x00, 0x00, 0x00, 0x00, 0x00, 0x00, 0x00, 0x00, 0x00, 0x00, 0x00, 0x00,
  0x00, 0x00, 0x00, 0x00, 0x00, 0x00, 0x00, 0x00, 0x00, 0x00, 0x00, 0x00, 0x00, 0x00, 0x00, 0x00, 0x00, 0x00, 0x00, 0x00, 0x00, 0x00, 0x00, 0x00,
  0x00, 0x00, 0x00, 0x00, 0x00, 0x00, 0x34, 0x64, 0x1c, 0x96, 0xbb, 0x8d, 0xdb, 0x8d, 0xdb, 0x8d, 0xdb, 0x8d, 0xdb, 0x95, 0xdb, 0x95, 0x3d, 0x9e,
  0x13, 0x64, 0x00, 0x00, 0x00, 0x00, 0x00, 0x00, 0x00, 0x00, 0x00, 0x00, 0x00, 0x00, 0x00, 0x00, 0x00, 0x00, 0x00, 0x00, 0x00, 0x00, 0x00, 0x00,
  0x00, 0x00, 0x00, 0x00, 0x00, 0x00, 0x00, 0x00, 0x00, 0x00, 0x00, 0x00, 0x00, 0x00, 0x00, 0x00, 0x00, 0x00, 0x00, 0x00, 0x00, 0x00, 0x00, 0x00,
  0x00, 0x00, 0x00, 0x00, 0x00, 0x00, 0x00, 0x00, 0x00, 0x00, 0x00, 0x00, 0x00, 0x00, 0x00, 0x00, 0x00, 0x00, 0x00, 0x00, 0x00, 0x00, 0x00, 0x00,
  0x00, 0x00, 0x56, 0x95, 0x3f, 0xc7, 0xdd, 0xbe, 0xfd, 0xbe, 0xfe, 0xc6, 0xfe, 0xc6, 0x1e, 0xc7, 0xfd, 0xc6, 0x7f, 0xcf, 0x36, 0x95, 0x00, 0x00,
  0x00, 0x00, 0x00, 0x00, 0x00, 0x00, 0x00, 0x00, 0x00, 0x00, 0x00, 0x00, 0x00, 0x00, 0x77, 0x9d, 0x7f, 0xd7, 0x1d, 0xc7, 0x1e, 0xc7, 0x1e, 0xc7,
  0x1e, 0xc7, 0x1d, 0xc7, 0xfd, 0xc6, 0x7f, 0xd7, 0x6e, 0x5b, 0x00, 0x00, 0x00, 0x00, 0x93, 0x7c, 0x5f, 0xcf, 0xbc, 0xbe, 0xdd, 0xbe, 0xdd, 0xbe,
  0xbd, 0xbe, 0xbd, 0xbe, 0xbc, 0xbe, 0xbc, 0xbe, 0x9c, 0xb6, 0x1e, 0xc7, 0xb4, 0x84, 0x00, 0x00, 0x00, 0x00, 0x00, 0x00, 0x00, 0x00, 0x00, 0x00,
  0x00, 0x00, 0x00, 0x00, 0x00, 0x00, 0x00, 0x00, 0x00, 0x00, 0x00, 0x00, 0x00, 0x00, 0x00, 0x00, 0x00, 0x00, 0x00, 0x00, 0x00, 0x00, 0x00, 0x00,
  0x00, 0x00, 0x00, 0x00, 0x00, 0x00, 0x04, 0x19, 0x1b, 0xa6, 0x1a, 0xa6, 0xfa, 0xa5, 0xfa, 0xa5, 0xfa, 0xa5, 0xfa, 0xa5, 0xfa, 0xa5, 0xda, 0x9d,
  0x3b, 0xae, 0x29, 0x3a, 0x00, 0x00, 0x00, 0x00, 0x00, 0x00, 0x00, 0x00, 0x00, 0x00, 0x00, 0x00, 0x00, 0x00, 0x00, 0x00, 0x00, 0x00, 0x00, 0x00,
  0x00, 0x00, 0x00, 0x00, 0x00, 0x00, 0x00, 0x00, 0x00, 0x00, 0x00, 0x00, 0x00, 0x00, 0x00, 0x00, 0x00, 0x00, 0x00, 0x00, 0x00, 0x00, 0x00, 0x00,
  0x4c, 0x3a, 0xf5, 0x63, 0x93, 0x5b, 0x93, 0x5b, 0x93, 0x5b, 0x93, 0x53, 0x93, 0x53, 0x73, 0x53, 0x73, 0x53, 0x93, 0x53, 0xd0, 0x42, 0x00, 0x00,
  0x00, 0x00, 0x00, 0x00, 0x00, 0x00, 0x00, 0x00, 0x00, 0x00, 0x00, 0x00, 0x27, 0x19, 0x33, 0x4b, 0xf1, 0x42, 0xf1, 0x42, 0xf1, 0x42, 0xd1, 0x42,
  0xd1, 0x42, 0xd1, 0x3a, 0xb1, 0x3a, 0xb1, 0x3a, 0xd2, 0x3a, 0xc5, 0x10, 0x00, 0x00, 0x00, 0x00, 0x00, 0x00, 0x00, 0x00, 0x00, 0x00, 0x00, 0x00,
  0x00, 0x00, 0x00, 0x00, 0x00, 0x00, 0x00, 0x00, 0x00, 0x00, 0x00, 0x00, 0x00, 0x00, 0x00, 0x00, 0x00, 0x00, 0x00, 0x00, 0x00, 0x00, 0x00, 0x00,
  0x00, 0x00, 0x00, 0x00, 0x00, 0x00, 0x00, 0x00, 0x00, 0x00, 0x00, 0x00, 0x00, 0x00, 0x00, 0x00, 0x00, 0x00, 0x00, 0x00, 0x00, 0x00, 0x00, 0x00,
  0x00, 0x00, 0x00, 0x00, 0x00, 0x00, 0x00, 0x00, 0x00, 0x00, 0x00, 0x00, 0x00, 0x00, 0x00, 0x00, 0x00, 0x00, 0x00, 0x00, 0x00, 0x00, 0x8e, 0x2a,
  0x9a, 0x54, 0x38, 0x4c, 0x58, 0x54, 0x58, 0x54, 0x78, 0x54, 0x78, 0x54, 0x78, 0x54, 0xba, 0x5c, 0xd4, 0x4b, 0x00, 0x00, 0x00, 0x00, 0x00, 0x00,
  0x00, 0x00, 0x00, 0x00, 0x00, 0x00, 0x00, 0x00, 0x00, 0x00, 0x00, 0x00, 0x00, 0x00, 0x00, 0x00, 0x00, 0x00, 0x00, 0x00, 0x00, 0x00, 0x00, 0x00,
  0x00, 0x00, 0x00, 0x00, 0x00, 0x00, 0x00, 0x00, 0x00, 0x00, 0x00, 0x00, 0x00, 0x00, 0x00, 0x00, 0x00, 0x00, 0x00, 0x00, 0x00, 0x00, 0x00, 0x00,
  0x00, 0x00, 0x34, 0x64, 0x1c, 0x96, 0xbb, 0x8d, 0xdb, 0x8d, 0xdb, 0x8d, 0xdb, 0x8d, 0xdb, 0x95, 0xdb, 0x95, 0x3d, 0x9e, 0x13, 0x64, 0x00, 0x00,
  0x00, 0x00, 0x00, 0x00, 0x00, 0x00, 0x00, 0x00, 0x00, 0x00, 0x00, 0x00, 0x00, 0x00, 0x00, 0x00, 0x00, 0x00, 0x00, 0x00, 0x00, 0x00, 0x00, 0x00,
  0x00, 0x00, 0x00, 0x00, 0x00, 0x00, 0x00, 0x00, 0x00, 0x00, 0x00, 0x00, 0x00, 0x00, 0x00, 0x00, 0x00, 0x00, 0x00, 0x00, 0x00, 0x00, 0x00, 0x00,
  0x00, 0x00, 0x00, 0x00, 0x00, 0x00, 0x00, 0x00, 0x00, 0x00, 0x00, 0x00, 0x00, 0x00, 0x00, 0x00, 0x00, 0x00, 0x00, 0x00, 0x00, 0x00, 0x56, 0x95,
  0x3f, 0xc7, 0xdd, 0xbe, 0xfd, 0xbe, 0xfe, 0xc6, 0xfe, 0xc6, 0x1e, 0xc7, 0xfd, 0xc6, 0x7f, 0xcf, 0x36, 0x95, 0x00, 0x00, 0x00, 0x00, 0x00, 0x00,
  0x00, 0x00, 0x00, 0x00, 0x00, 0x00, 0x00, 0x00, 0x00, 0x00, 0x77, 0x9d, 0x7f, 0xd7, 0x1d, 0xc7, 0x1e, 0xc7, 0x1e, 0xc7, 0x1d, 0xc7, 0x1d, 0xc7,
  0xdd, 0xc6, 0x7f, 0xd7, 0x8f, 0x63, 0x00, 0x00, 0x00, 0x00, 0x62, 0x08, 0x1a, 0xae, 0x1e, 0xc7, 0xbc, 0xbe, 0xdd, 0xbe, 0xbd, 0xbe, 0xbd, 0xbe,
  0xbc, 0xbe, 0xbc, 0xbe, 0xbc, 0xbe, 0x7c, 0xb6, 0x1e, 0xc7, 0x4e, 0x5b, 0x00, 0x00, 0x00, 0x00, 0x00, 0x00, 0x00, 0x00, 0x00, 0x00, 0x00, 0x00,
  0x00, 0x00, 0x00, 0x00, 0x00, 0x00, 0x00, 0x00, 0x00, 0x00, 0x00, 0x00, 0x00, 0x00, 0x00, 0x00, 0x00, 0x00, 0x00, 0x00, 0x00, 0x00, 0x00, 0x00,
  0x00, 0x00, 0x04, 0x19, 0x1b, 0xa6, 0x1a, 0xa6, 0xfa, 0xa5, 0xfa, 0xa5, 0xfa, 0xa5, 0xfa, 0xa5, 0xfa, 0xa5, 0xda, 0x9d, 0x3b, 0xae, 0x29, 0x3a,
  0x00, 0x00, 0x00, 0x00, 0x00, 0x00, 0x00, 0x00, 0x00, 0x00, 0x00, 0x00, 0x00, 0x00, 0x00, 0x00, 0x00, 0x00, 0x00, 0x00, 0x00, 0x00, 0x00, 0x00,
  0x00, 0x00, 0x00, 0x00, 0x00, 0x00, 0x00, 0x00, 0x00, 0x00, 0x00, 0x00, 0x00, 0x00, 0x00, 0x00, 0x00, 0x00, 0x62, 0x08, 0x93, 0x5b, 0xb4, 0x5b,
  0xb3, 0x5b, 0x93, 0x5b, 0x93, 0x5b, 0x93, 0x53, 0x93, 0x53, 0x73, 0x53, 0x73, 0x53, 0xb4, 0x5b, 0x88, 0x21, 0x00, 0x00, 0x00, 0x00, 0x00, 0x00,
  0x00, 0x00, 0x00, 0x00, 0x00, 0x00, 0x00, 0x00, 0x20, 0x00, 0xb0, 0x3a, 0x12, 0x43, 0xf1, 0x42, 0xf1, 0x42, 0xd1, 0x42, 0xd1, 0x42, 0xd1, 0x3a,
  0xb1, 0x3a, 0xb1, 0x3a, 0xd2, 0x3a, 0xec, 0x29, 0x00, 0x00, 0x00, 0x00, 0x00, 0x00, 0x00, 0x00, 0x00, 0x00, 0x00, 0x00, 0x00, 0x00, 0x00, 0x00,
  0x00, 0x00, 0x00, 0x00, 0x00, 0x00, 0x00, 0x00, 0x00, 0x00, 0x00, 0x00, 0x00, 0x00, 0x00, 0x00, 0x00, 0x00, 0x00, 0x00, 0x00, 0x00, 0x00, 0x00,
  0x00, 0x00, 0x00, 0x00, 0x00, 0x00, 0x00, 0x00, 0x00, 0x00, 0x00, 0x00, 0x00, 0x00, 0x00, 0x00, 0x00, 0x00, 0x00, 0x00, 0x00, 0x00, 0x00, 0x00,
  0x00, 0x00, 0x00, 0x00, 0x00, 0x00, 0x00, 0x00, 0x00, 0x00, 0x00, 0x00, 0x00, 0x00, 0x00, 0x00, 0x00, 0x00, 0x8e, 0x2a, 0x9a, 0x54, 0x38, 0x4c,
  0x58, 0x54, 0x78, 0x54, 0x78, 0x54, 0x78, 0x54, 0x78, 0x54, 0xb9, 0x5c, 0xd4, 0x4b, 0x00, 0x00, 0x00, 0x00, 0x00, 0x00, 0x00, 0x00, 0x00, 0x00,
  0x00, 0x00, 0x00, 0x00, 0x00, 0x00, 0x00, 0x00, 0x00, 0x00, 0x00, 0x00, 0x00, 0x00, 0x00, 0x00, 0x00, 0x00, 0x00, 0x00, 0x00, 0x00, 0x00, 0x00,
  0x00, 0x00, 0x00, 0x00, 0x00, 0x00, 0x00, 0x00, 0x00, 0x00, 0x00, 0x00, 0x00, 0x00, 0x00, 0x00, 0x00, 0x00, 0x00, 0x00, 0x00, 0x00, 0x34, 0x64,
  0x1c, 0x96, 0xbb, 0x8d, 0xdb, 0x8d, 0xdb, 0x8d, 0xdb, 0x8d, 0xdb, 0x95, 0xdb, 0x8d, 0x3d, 0x9e, 0x13, 0x64, 0x00, 0x00, 0x00, 0x00, 0x00, 0x00,
  0x00, 0x00, 0x00, 0x00, 0x00, 0x00, 0x00, 0x00, 0x00, 0x00, 0x00, 0x00, 0x00, 0x00, 0x00, 0x00, 0x00, 0x00, 0x00, 0x00, 0x00, 0x00, 0x00, 0x00,
  0x00, 0x00, 0x00, 0x00, 0x00, 0x00, 0x00, 0x00, 0x00, 0x00, 0x00, 0x00, 0x00, 0x00, 0x00, 0x00, 0x00, 0x00, 0x00, 0x00, 0x00, 0x00, 0x00, 0x00,
  0x00, 0x00, 0x00, 0x00, 0x00, 0x00, 0x00, 0x00, 0x00, 0x00, 0x00, 0x00, 0x00, 0x00, 0x00, 0x00, 0x00, 0x00, 0x56, 0x8d, 0x3f, 0xc7, 0xdd, 0xbe,
  0xfd, 0xbe, 0xfe, 0xc6, 0xfe, 0xc6, 0x1e, 0xc7, 0xfd, 0xc6, 0x7f, 0xcf, 0x36, 0x95, 0x00, 0x00, 0x00, 0x00, 0x00, 0x00, 0x00, 0x00, 0x00, 0x00,
  0x00, 0x00, 0x00, 0x00, 0x00, 0x00, 0x77, 0x9d, 0x7f, 0xd7, 0x1d, 0xc7, 0x1e, 0xc7, 0x1e, 0xc7, 0x1d, 0xc7, 0x1d, 0xc7, 0xdd, 0xc6, 0x7f, 0xd7,
  0xd0, 0x6b, 0x00, 0x00, 0x20, 0x00, 0x00, 0x00, 0xc7, 0x31, 0x1e, 0xc7, 0xbd, 0xbe, 0xbd, 0xbe, 0xbd, 0xbe, 0xbd, 0xbe, 0xbc, 0xbe, 0xbc, 0xbe,
  0xbc, 0xbe, 0x9c, 0xb6, 0x9c, 0xb6, 0xdd, 0xbe, 0xe8, 0x31, 0x00, 0x00, 0x00, 0x00, 0x00, 0x00, 0x00, 0x00, 0x00, 0x00, 0x00, 0x00, 0x00, 0x00,
  0x00, 0x00, 0x00, 0x00, 0x00, 0x00, 0x00, 0x00, 0x00, 0x00, 0x00, 0x00, 0x00, 0x00, 0x00, 0x00, 0x00, 0x00, 0x00, 0x00, 0x00, 0x00, 0x04, 0x19,
  0x1b, 0xa6, 0x1a, 0xa6, 0xfa, 0xa5, 0xfa, 0xa5, 0xfa, 0xa5, 0xfa, 0xa5, 0xfa, 0xa5, 0xda, 0x9d, 0x3b, 0xae, 0x29, 0x3a, 0x00, 0x00, 0x00, 0x00,
  0x00, 0x00, 0x00, 0x00, 0x00, 0x00, 0x00, 0x00, 0x00, 0x00, 0x00, 0x00, 0x00, 0x00, 0x00, 0x00, 0x00, 0x00, 0x00, 0x00, 0x00, 0x00, 0x00, 0x00,
  0x00, 0x00, 0x00, 0x00, 0x00, 0x00, 0x00, 0x00, 0x00, 0x00, 0x00, 0x00, 0x00, 0x00, 0xea, 0x31, 0x15, 0x64, 0xb3, 0x5b, 0xb4, 0x5b, 0x93, 0x5b,
  0x93, 0x5b, 0x93, 0x53, 0x93, 0x53, 0x73, 0x53, 0x73, 0x53, 0x31, 0x4b, 0x41, 0x00, 0x00, 0x00, 0x00, 0x00, 0x00, 0x00, 0x00, 0x00, 0x00, 0x00,
  0x00, 0x00, 0x00, 0x00, 0x00, 0x00, 0x89, 0x21, 0x33, 0x4b, 0xf1, 0x42, 0xf1, 0x42, 0xd1, 0x42, 0xd1, 0x42, 0xd1, 0x3a, 0xb1, 0x3a, 0xb1, 0x3a,
  0xb1, 0x3a, 0xb1, 0x3a, 0x83, 0x08, 0x00, 0x00, 0x00, 0x00, 0x00, 0x00, 0x00, 0x00, 0x00, 0x00, 0x00, 0x00, 0x00, 0x00, 0x00, 0x00, 0x00, 0x00,
  0x00, 0x00, 0x00, 0x00, 0x00, 0x00, 0x00, 0x00, 0x00, 0x00, 0x00, 0x00, 0x00, 0x00, 0x00, 0x00, 0x00, 0x00, 0x00, 0x00, 0x00, 0x00, 0x00, 0x00,
  0x00, 0x00, 0x00, 0x00, 0x00, 0x00, 0x00, 0x00, 0x00, 0x00, 0x00, 0x00, 0x00, 0x00, 0x00, 0x00, 0x00, 0x00, 0x00, 0x00, 0x00, 0x00, 0x00, 0x00,
  0x00, 0x00, 0x00, 0x00, 0x00, 0x00, 0x00, 0x00, 0x00, 0x00, 0x00, 0x00, 0x00, 0x00, 0x8e, 0x2a, 0x9a, 0x54, 0x38, 0x4c, 0x58, 0x54, 0x78, 0x54,
  0x78, 0x54, 0x78, 0x54, 0x78, 0x54, 0xba, 0x5c, 0xd4, 0x4b, 0x00, 0x00, 0x00, 0x00, 0x00, 0x00, 0x00, 0x00, 0x00, 0x00, 0x00, 0x00, 0x00, 0x00,
  0x00, 0x00, 0x00, 0x00, 0x00, 0x00, 0x00, 0x00, 0x00, 0x00, 0x00, 0x00, 0x00, 0x00, 0x00, 0x00, 0x00, 0x00, 0x00, 0x00, 0x00, 0x00, 0x00, 0x00,
  0x00, 0x00, 0x00, 0x00, 0x00, 0x00, 0x00, 0x00, 0x00, 0x00, 0x00, 0x00, 0x00, 0x00, 0x00, 0x00, 0x00, 0x00, 0x34, 0x64, 0x1c, 0x96, 0xbb, 0x8d,
  0xdb, 0x8d, 0xdb, 0x8d, 0xdb, 0x8d, 0xdb, 0x95, 0xdb, 0x95, 0x3d, 0x9e, 0x13, 0x64, 0x00, 0x00, 0x00, 0x00, 0x00, 0x00, 0x00, 0x00, 0x00, 0x00,
  0x00, 0x00, 0x00, 0x00, 0x00, 0x00, 0x00, 0x00, 0x00, 0x00, 0x00, 0x00, 0x00, 0x00, 0x00, 0x00, 0x00, 0x00, 0x00, 0x00, 0x00, 0x00, 0x00, 0x00,
  0x00, 0x00, 0x00, 0x00, 0x00, 0x00, 0x00, 0x00, 0x00, 0x00, 0x00, 0x00, 0x00, 0x00, 0x00, 0x00, 0x00, 0x00, 0x00, 0x00, 0x00, 0x00, 0x00, 0x00,
  0x00, 0x00, 0x00, 0x00, 0x00, 0x00, 0x00, 0x00, 0x00, 0x00, 0x00, 0x00, 0x00, 0x00, 0x56, 0x95, 0x3f, 0xc7, 0xdd, 0xbe, 0xfd, 0xbe, 0xfe, 0xc6,
  0xfe, 0xc6, 0x1e, 0xc7, 0xfd, 0xc6, 0x7f, 0xcf, 0x36, 0x95, 0x00, 0x00, 0x00, 0x00, 0x00, 0x00, 0x00, 0x00, 0x00, 0x00, 0x00, 0x00, 0x00, 0x00,
  0x00, 0x00, 0x77, 0x9d, 0x7f, 0xd7, 0x1d, 0xc7, 0x1e, 0xc7, 0x1e, 0xc7, 0x1e, 0xc7, 0xfd, 0xc6, 0xdd, 0xc6, 0x7f, 0xcf, 0x11, 0x74, 0x00, 0x00,
  0x00, 0x00, 0x00, 0x00, 0x00, 0x00, 0x8f, 0x63, 0x5f, 0xcf, 0xbc, 0xbe, 0xbd, 0xbe, 0xbd, 0xbe, 0xbc, 0xbe, 0xbc, 0xbe, 0xbc, 0xbe, 0x9c, 0xbe,
  0x9c, 0xb6, 0xbd, 0xbe, 0x3a, 0xae, 0xc3, 0x10, 0x00, 0x00, 0x00, 0x00, 0x00, 0x00, 0x00, 0x00, 0x00, 0x00, 0x00, 0x00, 0x00, 0x00, 0x00, 0x00,
  0x00, 0x00, 0x00, 0x00, 0x00, 0x00, 0x00, 0x00, 0x00, 0x00, 0x00, 0x00, 0x00, 0x00, 0x00, 0x00, 0x00, 0x00, 0x04, 0x19, 0x1a, 0xa6, 0x1a, 0xa6,
  0xfa, 0xa5, 0xfa, 0xa5, 0xfa, 0xa5, 0xfa, 0xa5, 0xfa, 0xa5, 0xda, 0x9d, 0x3b, 0xae, 0x29, 0x3a, 0x00, 0x00, 0x00, 0x00, 0x00, 0x00, 0x00, 0x00,
  0x00, 0x00, 0x00, 0x00, 0x00, 0x00, 0x00, 0x00, 0x00, 0x00, 0x00, 0x00, 0x00, 0x00, 0x00, 0x00, 0x00, 0x00, 0x00, 0x00, 0x00, 0x00, 0x00, 0x00,
  0x00, 0x00, 0x00, 0x00, 0x00, 0x00, 0x00, 0x00, 0x21, 0x00, 0x72, 0x53, 0xd4, 0x5b, 0xb4, 0x5b, 0xb4, 0x5b, 0x93, 0x5b, 0x93, 0x5b, 0x93, 0x53,
  0x93, 0x53, 0x73, 0x53, 0xb4, 0x5b, 0xea, 0x29, 0x00, 0x00, 0x00, 0x00, 0x00, 0x00, 0x00, 0x00, 0x00, 0x00, 0x00, 0x00, 0x00, 0x00, 0x00, 0x00,
  0x00, 0x00, 0x41, 0x00, 0xd1, 0x42, 0xf2, 0x42, 0xf1, 0x42, 0xd1, 0x42, 0xd1, 0x42, 0xd1, 0x3a, 0xb1, 0x3a, 0xb1, 0x3a, 0xb0, 0x3a, 0xd2, 0x3a,
  0xaa, 0x21, 0x00, 0x00, 0x00, 0x00, 0x00, 0x00, 0x00, 0x00, 0x00, 0x00, 0x00, 0x00, 0x00, 0x00, 0x00, 0x00, 0x00, 0x00, 0x00, 0x00, 0x00, 0x00,
  0x00, 0x00, 0x00, 0x00, 0x00, 0x00, 0x00, 0x00, 0x00, 0x00, 0x00, 0x00, 0x00, 0x00, 0x00, 0x00, 0x00, 0x00, 0x00, 0x00, 0x00, 0x00, 0x00, 0x00,
  0x00, 0x00, 0x00, 0x00, 0x00, 0x00, 0x00, 0x00, 0x00, 0x00, 0x00, 0x00, 0x00, 0x00, 0x00, 0x00, 0x00, 0x00, 0x00, 0x00, 0x00, 0x00, 0x00, 0x00,
  0x00, 0x00, 0x00, 0x00, 0x00, 0x00, 0x00, 0x00, 0x00, 0x00, 0x8e, 0x2a, 0x9a, 0x54, 0x38, 0x4c, 0x58, 0x54, 0x78, 0x54, 0x78, 0x54, 0x78, 0x54,
  0x78, 0x54, 0xb9, 0x5c, 0xd4, 0x4b, 0x00, 0x00, 0x00, 0x00, 0x00, 0x00, 0x00, 0x00, 0x00, 0x00, 0x00, 0x00, 0x00, 0x00, 0x00, 0x00, 0x00, 0x00,
  0x00, 0x00, 0x00, 0x00, 0x00, 0x00, 0x00, 0x00, 0x00, 0x00, 0x00, 0x00, 0x00, 0x00, 0x00, 0x00, 0x00, 0x00, 0x00, 0x00, 0x00, 0x00, 0x00, 0x00,
  0x00, 0x00, 0x00, 0x00, 0x00, 0x00, 0x00, 0x00, 0x00, 0x00, 0x00, 0x00, 0x00, 0x00, 0x34, 0x64, 0x1c, 0x96, 0xbb, 0x8d, 0xdb, 0x8d, 0xdb, 0x8d,
  0xdb, 0x8d, 0xdb, 0x95, 0xdb, 0x8d, 0x3d, 0x9e, 0x13, 0x64, 0x00, 0x00, 0x00, 0x00, 0x00, 0x00, 0x00, 0x00, 0x00, 0x00, 0x00, 0x00, 0x00, 0x00,
  0x00, 0x00, 0x00, 0x00, 0x00, 0x00, 0x00, 0x00, 0x00, 0x00, 0x00, 0x00, 0x00, 0x00, 0x00, 0x00, 0x00, 0x00, 0x00, 0x00, 0x00, 0x00, 0x00, 0x00,
  0x00, 0x00, 0x00, 0x00, 0x00, 0x00, 0x00, 0x00, 0x00, 0x00, 0x00, 0x00, 0x00, 0x00, 0x00, 0x00, 0x00, 0x00, 0x00, 0x00, 0x00, 0x00, 0x00, 0x00,
  0x00, 0x00, 0x00, 0x00, 0x00, 0x00, 0x00, 0x00, 0x00, 0x00, 0x56, 0x8d, 0x3f, 0xc7, 0xdd, 0xbe, 0xfd, 0xbe, 0xfe, 0xc6, 0xfe, 0xc6, 0x1e, 0xc7,
  0xfd, 0xc6, 0x7f, 0xcf, 0x36, 0x95, 0x00, 0x00, 0x00, 0x00, 0x00, 0x00, 0x00, 0x00, 0x00, 0x00, 0x00, 0x00, 0x00, 0x00, 0x00, 0x00, 0x77, 0x9d,
  0x7f, 0xd7, 0x1d, 0xc7, 0x1e, 0xc7, 0x1e, 0xc7, 0x1d, 0xc7, 0x1d, 0xc7, 0xfd, 0xc6, 0x7f, 0xcf, 0x52, 0x7c, 0x00, 0x00, 0x00, 0x00, 0x00, 0x00,
  0x00, 0x00, 0x00, 0x00, 0x56, 0x95, 0x1e, 0xc7, 0xbc, 0xbe, 0xbd, 0xbe, 0xbc, 0xbe, 0xbc, 0xbe, 0xbc, 0xbe, 0x9c, 0xbe, 0x9c, 0xb6, 0x7c, 0xb6,
  0xfe, 0xbe, 0x16, 0x8d, 0x20, 0x00, 0x00, 0x00, 0x00, 0x00, 0x00, 0x00, 0x00, 0x00, 0x00, 0x00, 0x00, 0x00, 0x00, 0x00, 0x00, 0x00, 0x00, 0x00,
  0x00, 0x00, 0x00, 0x00, 0x00, 0x00, 0x00, 0x00, 0x00, 0x00, 0x00, 0x00, 0x00, 0x00, 0x04, 0x19, 0x1b, 0xa6, 0x1a, 0xa6, 0xfa, 0xa5, 0xfa, 0xa5,
  0xfa, 0xa5, 0xfa, 0xa5, 0xfa, 0xa5, 0xda, 0x9d, 0x3b, 0xae, 0x29, 0x3a, 0x00, 0x00, 0x00, 0x00, 0x00, 0x00, 0x00, 0x00, 0x00, 0x00, 0x00, 0x00,
  0x00, 0x00, 0x00, 0x00, 0x00, 0x00, 0x00, 0x00, 0x00, 0x00, 0x00, 0x00, 0x00, 0x00, 0x00, 0x00, 0x00, 0x00, 0x00, 0x00, 0x00, 0x00, 0x00, 0x00,
  0x00, 0x00, 0x00, 0x00, 0x88, 0x21, 0x15, 0x64, 0xb3, 0x5b, 0xb4, 0x5b, 0xb4, 0x5b, 0xb3, 0x5b, 0x93, 0x5b, 0x93, 0x53, 0x93, 0x53, 0x73, 0x53,
  0x73, 0x53, 0x62, 0x08, 0x00, 0x00, 0x00, 0x00, 0x00, 0x00, 0x00, 0x00, 0x00, 0x00, 0x00, 0x00, 0x00, 0x00, 0x00, 0x00, 0x00, 0x00, 0x00, 0x00,
  0xcb, 0x29, 0x33, 0x4b, 0xd1, 0x42, 0xd1, 0x42, 0xd1, 0x42, 0xd1, 0x3a, 0xb1, 0x3a, 0xb1, 0x3a, 0xb1, 0x3a, 0xb1, 0x3a, 0x90, 0x32, 0x42, 0x00,
  0x00, 0x00, 0x00, 0x00, 0x00, 0x00, 0x00, 0x00, 0x00, 0x00, 0x00, 0x00, 0x00, 0x00, 0x00, 0x00, 0x00, 0x00, 0x00, 0x00, 0x00, 0x00, 0x00, 0x00,
  0x00, 0x00, 0x00, 0x00, 0x00, 0x00, 0x00, 0x00, 0x00, 0x00, 0x00, 0x00, 0x00, 0x00, 0x00, 0x00, 0x00, 0x00, 0x00, 0x00, 0x00, 0x00, 0x00, 0x00,
  0x00, 0x00, 0x00, 0x00, 0x00, 0x00, 0x00, 0x00, 0x00, 0x00, 0x00, 0x00, 0x00, 0x00, 0x00, 0x00, 0x00, 0x00, 0x00, 0x00, 0x00, 0x00, 0x00, 0x00,
  0x00, 0x00, 0x00, 0x00, 0x00, 0x00, 0x8e, 0x2a, 0x9a, 0x54, 0x38, 0x4c, 0x58, 0x54, 0x58, 0x54, 0x78, 0x54, 0x78, 0x54, 0x78, 0x54, 0xba, 0x5c,
  0xd4, 0x4b, 0x00, 0x00, 0x00, 0x00, 0x00, 0x00, 0x00, 0x00, 0x00, 0x00, 0x00, 0x00, 0x00, 0x00, 0x00, 0x00, 0x00, 0x00, 0x00, 0x00, 0x00, 0x00,
  0x00, 0x00, 0x00, 0x00, 0x00, 0x00, 0x00, 0x00, 0x00, 0x00, 0x00, 0x00, 0x00, 0x00, 0x00, 0x00, 0x00, 0x00, 0x00, 0x00, 0x00, 0x00, 0x00, 0x00,
  0x00, 0x00, 0x00, 0x00, 0x00, 0x00, 0x00, 0x00, 0x00, 0x00, 0x34, 0x64, 0x1c, 0x96, 0xbb, 0x8d, 0xdb, 0x8d, 0xdb, 0x8d, 0xdb, 0x8d, 0xdb, 0x95,
  0xdb, 0x8d, 0x3d, 0x9e, 0x13, 0x64, 0x00, 0x00, 0x00, 0x00, 0x00, 0x00, 0x00, 0x00, 0x00, 0x00, 0x00, 0x00, 0x00, 0x00, 0x00, 0x00, 0x00, 0x00,
  0x00, 0x00, 0x00, 0x00, 0x00, 0x00, 0x00, 0x00, 0x00, 0x00, 0x00, 0x00, 0x00, 0x00, 0x00, 0x00, 0x00, 0x00, 0x00, 0x00, 0x00, 0x00, 0x00, 0x00,
  0x00, 0x00, 0x00, 0x00, 0x00, 0x00, 0x00, 0x00, 0x00, 0x00, 0x00, 0x00, 0x00, 0x00, 0x00, 0x00, 0x00, 0x00, 0x00, 0x00, 0x00, 0x00, 0x00, 0x00,
  0x00, 0x00, 0x00, 0x00, 0x00, 0x00, 0x56, 0x95, 0x3f, 0xc7, 0xdd, 0xbe, 0xfd, 0xbe, 0xfe, 0xc6, 0xfe, 0xc6, 0x1e, 0xc7, 0xfd, 0xc6, 0x7f, 0xcf,
  0x36, 0x95, 0x00, 0x00, 0x00, 0x00, 0x00, 0x00, 0x00, 0x00, 0x00, 0x00, 0x00, 0x00, 0x00, 0x00, 0x00, 0x00, 0x77, 0x9d, 0x7f, 0xd7, 0x1d, 0xc7,
  0x1e, 0xc7, 0x1e, 0xc7, 0x1d, 0xc7, 0x1d, 0xc7, 0xfd, 0xc6, 0x7f, 0xcf, 0x93, 0x7c, 0x00, 0x00, 0x00, 0x00, 0x00, 0x00, 0x00, 0x00, 0x00, 0x00,
  0x04, 0x19, 0x9c, 0xbe, 0xdd, 0xbe, 0xbc, 0xbe, 0xbc, 0xbe, 0xbc, 0xbe, 0xbc, 0xbe, 0x9c, 0xbe, 0x9c, 0xb6, 0x9c, 0xb6, 0x7b, 0xb6, 0xfe, 0xc6,
  0xb0, 0x63, 0x00, 0x00, 0x00, 0x00, 0x00, 0x00, 0x00, 0x00, 0x00, 0x00, 0x00, 0x00, 0x00, 0x00, 0x00, 0x00, 0x00, 0x00, 0x00, 0x00, 0x00, 0x00,
  0x00, 0x00, 0x00, 0x00, 0x00, 0x00, 0x00, 0x00, 0x00, 0x00, 0x04, 0x19, 0x1b, 0xa6, 0x1a, 0xa6, 0xfa, 0xa5, 0xfa, 0xa5, 0xfa, 0xa5, 0xfa, 0xa5,
  0xfa, 0xa5, 0xda, 0x9d, 0x3b, 0xae, 0x29, 0x3a, 0x00, 0x00, 0x00, 0x00, 0x00, 0x00, 0x00, 0x00, 0x00, 0x00, 0x00, 0x00, 0x00, 0x00, 0x00, 0x00,
  0x00, 0x00, 0x00, 0x00, 0x00, 0x00, 0x00, 0x00, 0x00, 0x00, 0x00, 0x00, 0x00, 0x00, 0x00, 0x00, 0x00, 0x00, 0x00, 0x00, 0x00, 0x00, 0x00, 0x00,
  0x30, 0x53, 0xf5, 0x63, 0xb4, 0x5b, 0xb4, 0x5b, 0xb4, 0x5b, 0x93, 0x5b, 0x93, 0x5b, 0x93, 0x53, 0x73, 0x53, 0xb4, 0x5b, 0x4c, 0x32, 0x00, 0x00,
  0x00, 0x00, 0x00, 0x00, 0x00, 0x00, 0x00, 0x00, 0x00, 0x00, 0x00, 0x00, 0x00, 0x00, 0x00, 0x00, 0x00, 0x00, 0x00, 0x00, 0x83, 0x08, 0xf2, 0x42,
  0xf1, 0x42, 0xd1, 0x42, 0xd1, 0x42, 0xd1, 0x3a, 0xb1, 0x3a, 0xb1, 0x3a, 0xb1, 0x3a, 0x90, 0x3a, 0xd2, 0x3a, 0x69, 0x19, 0x00, 0x00, 0x00, 0x00,
  0x00, 0x00, 0x00, 0x00, 0x00, 0x00, 0x00, 0x00, 0x00, 0x00, 0x00, 0x00, 0x00, 0x00, 0x00, 0x00, 0x00, 0x00, 0x00, 0x00, 0x00, 0x00, 0x00, 0x00,
  0x00, 0x00, 0x00, 0x00, 0x00, 0x00, 0x00, 0x00, 0x00, 0x00, 0x00, 0x00, 0x00, 0x00, 0x00, 0x00, 0x00, 0x00, 0x00, 0x00, 0x00, 0x00, 0x00, 0x00,
  0x00, 0x00, 0x00, 0x00, 0x00, 0x00, 0x00, 0x00, 0x00, 0x00, 0x00, 0x00, 0x00, 0x00, 0x00, 0x00, 0x00, 0x00, 0x00, 0x00, 0x00, 0x00, 0x00, 0x00,
  0x00, 0x00, 0x8e, 0x2a, 0x9a, 0x54, 0x38, 0x4c, 0x58, 0x54, 0x78, 0x54, 0x78, 0x54, 0x78, 0x54, 0x78, 0x54, 0xba, 0x5c, 0xd4, 0x4b, 0x00, 0x00,
  0x00, 0x00, 0x00, 0x00, 0x00, 0x00, 0x00, 0x00, 0x00, 0x00, 0x00, 0x00, 0x00, 0x00, 0x00, 0x00, 0x00, 0x00, 0x00, 0x00, 0x00, 0x00, 0x00, 0x00,
  0x00, 0x00, 0x00, 0x00, 0x00, 0x00, 0x00, 0x00, 0x00, 0x00, 0x00, 0x00, 0x00, 0x00, 0x00, 0x00, 0x00, 0x00, 0x00, 0x00, 0x00, 0x00, 0x00, 0x00,
  0x00, 0x00, 0x00, 0x00, 0x00, 0x00, 0x34, 0x64, 0x1c, 0x96, 0xbb, 0x8d, 0xdb, 0x8d, 0xdb, 0x8d, 0xdb, 0x8d, 0xdb, 0x95, 0xdb, 0x8d, 0x3d, 0x9e,
  0x13, 0x64, 0x00, 0x00, 0x00, 0x00, 0x00, 0x00, 0x00, 0x00, 0x00, 0x00, 0x00, 0x00, 0x00, 0x00, 0x00, 0x00, 0x00, 0x00, 0x00, 0x00, 0x00, 0x00,
  0x00, 0x00, 0x00, 0x00, 0x00, 0x00, 0x00, 0x00, 0x00, 0x00, 0x00, 0x00, 0x00, 0x00, 0x00, 0x00, 0x00, 0x00, 0x00, 0x00, 0x00, 0x00, 0x00, 0x00,
  0x00, 0x00, 0x00, 0x00, 0x00, 0x00, 0x00, 0x00, 0x00, 0x00, 0x00, 0x00, 0x00, 0x00, 0x00, 0x00, 0x00, 0x00, 0x00, 0x00, 0x00, 0x00, 0x00, 0x00,
  0x00, 0x00, 0x56, 0x8d, 0x3f, 0xc7, 0xdd, 0xbe, 0xfd, 0xbe, 0xfd, 0xc6, 0xfe, 0xc6, 0x1e, 0xc7, 0xfd, 0xc6, 0x7f, 0xcf, 0x36, 0x95, 0x00, 0x00,
  0x00, 0x00, 0x00, 0x00, 0x00, 0x00, 0x00, 0x00, 0x00, 0x00, 0x00, 0x00, 0x00, 0x00, 0x77, 0x9d, 0x7f, 0xd7, 0x1d, 0xc7, 0x1e, 0xc7, 0x1e, 0xc7,
  0x1d, 0xc7, 0x1d, 0xc7, 0xfd, 0xc6, 0x5f, 0xcf, 0xb4, 0x84, 0x00, 0x00, 0x00, 0x00, 0x00, 0x00, 0x00, 0x00, 0x00, 0x00, 0x00, 0x00, 0x8b, 0x4a,
  0x3f, 0xcf, 0x9c, 0xbe, 0xbc, 0xbe, 0xbc, 0xbe, 0xbc, 0xbe, 0x9c, 0xbe, 0x9c, 0xb6, 0x9c, 0xb6, 0x9c, 0xb6, 0x7c, 0xb6, 0xdd, 0xbe, 0x49, 0x3a,
  0x00, 0x00, 0x00, 0x00, 0x00, 0x00, 0x00, 0x00, 0x00, 0x00, 0x00, 0x00, 0x00, 0x00, 0x00, 0x00, 0x00, 0x00, 0x00, 0x00, 0x00, 0x00, 0x00, 0x00,
  0x00, 0x00, 0x00, 0x00, 0x00, 0x00, 0x04, 0x19, 0x1b, 0xa6, 0x1a, 0xa6, 0xfa, 0xa5, 0xfa, 0xa5, 0xfa, 0xa5, 0xfa, 0xa5, 0xfa, 0xa5, 0xda, 0x9d,
  0x3b, 0xae, 0x29, 0x3a, 0x00, 0x00, 0x00, 0x00, 0x00, 0x00, 0x00, 0x00, 0x00, 0x00, 0x00, 0x00, 0x00, 0x00, 0x00, 0x00, 0x00, 0x00, 0x00, 0x00,
  0x00, 0x00, 0x00, 0x00, 0x00, 0x00, 0x00, 0x00, 0x00, 0x00, 0x00, 0x00, 0x00, 0x00, 0x00, 0x00, 0x00, 0x00, 0x26, 0x19, 0x15, 0x64, 0xb4, 0x5b,
  0xb4, 0x5b, 0xb4, 0x5b, 0xb4, 0x5b, 0xb3, 0x5b, 0x93, 0x5b, 0x93, 0x53, 0x73, 0x53, 0x94, 0x53, 0xc4, 0x10, 0x00, 0x00, 0x00, 0x00, 0x00, 0x00,
  0x00, 0x00, 0x00, 0x00, 0x00, 0x00, 0x00, 0x00, 0x00, 0x00, 0x00, 0x00, 0x00, 0x00, 0x00, 0x00, 0x00, 0x00, 0x0c, 0x32, 0x12, 0x43, 0xd1, 0x42,
  0xd1, 0x42, 0xd1, 0x3a, 0xd1, 0x3a, 0xb1, 0x3a, 0xb1, 0x3a, 0x91, 0x3a, 0xb1, 0x3a, 0x4f, 0x32, 0x21, 0x00, 0x00, 0x00, 0x00, 0x00, 0x00, 0x00,
  0x00, 0x00, 0x00, 0x00, 0x00, 0x00, 0x00, 0x00, 0x00, 0x00, 0x00, 0x00, 0x00, 0x00, 0x00, 0x00, 0x00, 0x00, 0x00, 0x00, 0x00, 0x00, 0x00, 0x00,
  0x00, 0x00, 0x00, 0x00, 0x00, 0x00, 0x00, 0x00, 0x00, 0x00, 0x00, 0x00, 0x00, 0x00, 0x00, 0x00, 0x00, 0x00, 0x00, 0x00, 0x00, 0x00, 0x00, 0x00,
  0x00, 0x00, 0x00, 0x00, 0x00, 0x00, 0x00, 0x00, 0x00, 0x00, 0x00, 0x00, 0x00, 0x00, 0x00, 0x00, 0x00, 0x00, 0x00, 0x00, 0x00, 0x00, 0x8e, 0x2a,
  0x9a, 0x54, 0x38, 0x4c, 0x58, 0x54, 0x78, 0x54, 0x78, 0x54, 0x78, 0x54, 0x78, 0x54, 0xba, 0x5c, 0xd4, 0x4b, 0x00, 0x00, 0x00, 0x00, 0x00, 0x00,
  0x00, 0x00, 0x00, 0x00, 0x00, 0x00, 0x00, 0x00, 0x00, 0x00, 0x00, 0x00, 0x00, 0x00, 0x00, 0x00, 0x00, 0x00, 0x00, 0x00, 0x00, 0x00, 0x00, 0x00,
  0x00, 0x00, 0x00, 0x00, 0x00, 0x00, 0x00, 0x00, 0x00, 0x00, 0x00, 0x00, 0x00, 0x00, 0x00, 0x00, 0x00, 0x00, 0x00, 0x00, 0x00, 0x00, 0x00, 0x00,
  0x00, 0x00, 0x34, 0x64, 0x1c, 0x96, 0xbb, 0x8d, 0xdb, 0x8d, 0xdb, 0x8d, 0xdb, 0x8d, 0xdb, 0x95, 0xdb, 0x8d, 0x3d, 0x9e, 0x13, 0x64, 0x00, 0x00,
  0x00, 0x00, 0x00, 0x00, 0x00, 0x00, 0x00, 0x00, 0x00, 0x00, 0x00, 0x00, 0x00, 0x00, 0x00, 0x00, 0x00, 0x00, 0x00, 0x00, 0x00, 0x00, 0x00, 0x00,
  0x00, 0x00, 0x00, 0x00, 0x00, 0x00, 0x00, 0x00, 0x00, 0x00, 0x00, 0x00, 0x00, 0x00, 0x00, 0x00, 0x00, 0x00, 0x00, 0x00, 0x00, 0x00, 0x00, 0x00,
  0x00, 0x00, 0x00, 0x00, 0x00, 0x00, 0x00, 0x00, 0x00, 0x00, 0x00, 0x00, 0x00, 0x00, 0x00, 0x00, 0x00, 0x00, 0x00, 0x00, 0x00, 0x00, 0x56, 0x95,
  0x3f, 0xc7, 0xdd, 0xbe, 0xfd, 0xbe, 0xfe, 0xc6, 0xfe, 0xc6, 0x1e, 0xc7, 0xfd, 0xc6, 0x7f, 0xcf, 0x36, 0x95, 0x00, 0x00, 0x00, 0x00, 0x00, 0x00,
  0x00, 0x00, 0x00, 0x00, 0x00, 0x00, 0x00, 0x00, 0x00, 0x00, 0x77, 0x9d, 0x7f, 0xd7, 0x1d, 0xc7, 0x1e, 0xc7, 0x1e, 0xc7, 0x1d, 0xc7, 0xfd, 0xc6,
  0xfd, 0xc6, 0x5f, 0xcf, 0x15, 0x8d, 0x00, 0x00, 0x00, 0x00, 0x00, 0x00, 0x00, 0x00, 0x00, 0x00, 0x00, 0x00, 0x00, 0x00, 0x73, 0x7c, 0x3f, 0xcf,
  0x9c, 0xb6, 0xbc, 0xbe, 0xbc, 0xbe, 0x9c, 0xbe, 0x9c, 0xb6, 0x9c, 0xb6, 0x9c, 0xb6, 0x7c, 0xb6, 0x9c, 0xb6, 0x5b, 0xb6, 0x04, 0x19, 0x00, 0x00,
  0x00, 0x00, 0x00, 0x00, 0x00, 0x00, 0x00, 0x00, 0x00, 0x00, 0x00, 0x00, 0x00, 0x00, 0x00, 0x00, 0x00, 0x00, 0x00, 0x00, 0x00, 0x00, 0x00, 0x00,
  0x00, 0x00, 0x04, 0x19, 0x1a, 0xa6, 0x1a, 0xa6, 0xfa, 0xa5, 0xfa, 0xa5, 0xfa, 0xa5, 0xfa, 0xa5, 0xfa, 0xa5, 0xda, 0x9d, 0x3b, 0xae, 0x29, 0x3a,
  0x00, 0x00, 0x00, 0x00, 0x00, 0x00, 0x00, 0x00, 0x00, 0x00, 0x00, 0x00, 0x00, 0x00, 0x00, 0x00, 0x00, 0x00, 0x00, 0x00, 0x00, 0x00, 0x00, 0x00,
  0x00, 0x00, 0x00, 0x00, 0x00, 0x00, 0x00, 0x00, 0x00, 0x00, 0x00, 0x00, 0x00, 0x00, 0xcf, 0x42, 0x15, 0x64, 0xb4, 0x5b, 0xb4, 0x5b, 0xb4, 0x5b,
  0xb4, 0x5b, 0x93, 0x5b, 0x93, 0x5b, 0x93, 0x53, 0xb4, 0x5b, 0xae, 0x42, 0x00, 0x00, 0x00, 0x00, 0x00, 0x00, 0x00, 0x00, 0x00, 0x00, 0x00, 0x00,
  0x00, 0x00, 0x00, 0x00, 0x00, 0x00, 0x00, 0x00, 0x00, 0x00, 0x00, 0x00, 0x00, 0x00, 0xc5, 0x10, 0x12, 0x43, 0xd1, 0x42, 0xd1, 0x42, 0xd1, 0x3a,
  0xb1, 0x3a, 0xb1, 0x3a, 0xb1, 0x3a, 0xb1, 0x3a, 0x90, 0x3a, 0xb2, 0x3a, 0x07, 0x11, 0x00, 0x00, 0x00, 0x00, 0x00, 0x00, 0x00, 0x00, 0x00, 0x00,
  0x00, 0x00, 0x00, 0x00, 0x00, 0x00, 0x00, 0x00, 0x00, 0x00, 0x00, 0x00, 0x00, 0x00, 0x00, 0x00, 0x00, 0x00, 0x00, 0x00, 0x00, 0x00, 0x00, 0x00,
  0x00, 0x00, 0x00, 0x00, 0x00, 0x00, 0x00, 0x00, 0x00, 0x00, 0x00, 0x00, 0x00, 0x00, 0x00, 0x00, 0x00, 0x00, 0x00, 0x00, 0x00, 0x00, 0x00, 0x00,
  0x00, 0x00, 0x00, 0x00, 0x00, 0x00, 0x00, 0x00, 0x00, 0x00, 0x00, 0x00, 0x00, 0x00, 0x00, 0x00, 0x00, 0x00, 0x8e, 0x2a, 0x9a, 0x54, 0x38, 0x4c,
  0x58, 0x54, 0x78, 0x54, 0x78, 0x54, 0x78, 0x54, 0x78, 0x54, 0xba, 0x5c, 0xd4, 0x4b, 0x00, 0x00, 0x00, 0x00, 0x00, 0x00, 0x00, 0x00, 0x00, 0x00,
  0x00, 0x00, 0x00, 0x00, 0x00, 0x00, 0x00, 0x00, 0x00, 0x00, 0x00, 0x00, 0x00, 0x00, 0x00, 0x00, 0x00, 0x00, 0x00, 0x00, 0x00, 0x00, 0x00, 0x00,
  0x00, 0x00, 0x00, 0x00, 0x00, 0x00, 0x00, 0x00, 0x00, 0x00, 0x00, 0x00, 0x00, 0x00, 0x00, 0x00, 0x00, 0x00, 0x00, 0x00, 0x00, 0x00, 0x54, 0x64,
  0x1c, 0x96, 0xbb, 0x8d, 0xdb, 0x8d, 0xdb, 0x8d, 0xdb, 0x8d, 0xdb, 0x95, 0xdb, 0x8d, 0x3d, 0x9e, 0x13, 0x64, 0x00, 0x00, 0x00, 0x00, 0x00, 0x00,
  0x00, 0x00, 0x00, 0x00, 0x00, 0x00, 0x00, 0x00, 0x00, 0x00, 0x00, 0x00, 0x00, 0x00, 0x00, 0x00, 0x00, 0x00, 0x00, 0x00, 0x00, 0x00, 0x00, 0x00,
  0x00, 0x00, 0x00, 0x00, 0x00, 0x00, 0x00, 0x00, 0x00, 0x00, 0x00, 0x00, 0x00, 0x00, 0x00, 0x00, 0x00, 0x00, 0x00, 0x00, 0x00, 0x00, 0x00, 0x00,
  0x00, 0x00, 0x00, 0x00, 0x00, 0x00, 0x00, 0x00, 0x00, 0x00, 0x00, 0x00, 0x00, 0x00, 0x00, 0x00, 0x00, 0x00, 0x56, 0x95, 0x3f, 0xc7, 0xdd, 0xbe,
  0xfd, 0xbe, 0xfe, 0xc6, 0xfe, 0xc6, 0x1e, 0xc7, 0xfd, 0xc6, 0x7f, 0xcf, 0x36, 0x95, 0x00, 0x00, 0x00, 0x00, 0x00, 0x00, 0x00, 0x00, 0x00, 0x00,
  0x00, 0x00, 0x00, 0x00, 0x00, 0x00, 0x77, 0x9d, 0x7f, 0xd7, 0x1d, 0xc7, 0x1e, 0xc7, 0x1e, 0xc7, 0x1d, 0xc7, 0x1d, 0xc7, 0xfd, 0xc6, 0x5f, 0xcf,
  0x15, 0x8d, 0x00, 0x00, 0x00, 0x00, 0x00, 0x00, 0x00, 0x00, 0x00, 0x00, 0x00, 0x00, 0x00, 0x00, 0x61, 0x08, 0xb8, 0xa5, 0xfe, 0xc6, 0x9c, 0xb6,
  0xbc, 0xbe, 0x9c, 0xbe, 0x9c, 0xb6, 0x9c, 0xb6, 0x9c, 0xb6, 0x9c, 0xb6, 0x7b, 0xb6, 0xdd, 0xbe, 0x57, 0x95, 0x41, 0x00, 0x00, 0x00, 0x00, 0x00,
  0x00, 0x00, 0x00, 0x00, 0x00, 0x00, 0x00, 0x00, 0x00, 0x00, 0x00, 0x00, 0x00, 0x00, 0x00, 0x00, 0x00, 0x00, 0x00, 0x00, 0x00, 0x00, 0x04, 0x19,
  0x1a, 0xa6, 0x1a, 0xa6, 0xfa, 0xa5, 0xfa, 0xa5, 0xfa, 0xa5, 0xfa, 0xa5, 0xfa, 0xa5, 0xda, 0x9d, 0x3b, 0xae, 0x29, 0x3a, 0x00, 0x00, 0x00, 0x00,
  0x00, 0x00, 0x00, 0x00, 0x00, 0x00, 0x00, 0x00, 0x00, 0x00, 0x00, 0x00, 0x00, 0x00, 0x00, 0x00, 0x00, 0x00, 0x00, 0x00, 0x00, 0x00, 0x00, 0x00,
  0x00, 0x00, 0x00, 0x00, 0x00, 0x00, 0x00, 0x00, 0xc4, 0x10, 0xf5, 0x63, 0xd4, 0x63, 0xd4, 0x5b, 0xb4, 0x5b, 0xb4, 0x5b, 0xb4, 0x5b, 0x93, 0x5b,
  0x93, 0x5b, 0x73, 0x53, 0xb4, 0x5b, 0x26, 0x19, 0x00, 0x00, 0x00, 0x00, 0x00, 0x00, 0x00, 0x00, 0x00, 0x00, 0x00, 0x00, 0x00, 0x00, 0x00, 0x00,
  0x00, 0x00, 0x00, 0x00, 0x00, 0x00, 0x00, 0x00, 0x00, 0x00, 0x00, 0x00, 0x4e, 0x32, 0xf2, 0x42, 0xd1, 0x3a, 0xd1, 0x3a, 0xb1, 0x3a, 0xb1, 0x3a,
  0xb1, 0x3a, 0xb1, 0x3a, 0x90, 0x3a, 0xb1, 0x3a, 0x2e, 0x2a, 0x00, 0x00, 0x00, 0x00, 0x00, 0x00, 0x00, 0x00, 0x00, 0x00, 0x00, 0x00, 0x00, 0x00,
  0x00, 0x00, 0x00, 0x00, 0x00, 0x00, 0x00, 0x00, 0x00, 0x00, 0x00, 0x00, 0x00, 0x00, 0x00, 0x00, 0x00, 0x00, 0x00, 0x00, 0x00, 0x00, 0x00, 0x00,
  0x00, 0x00, 0x00, 0x00, 0x00, 0x00, 0x00, 0x00, 0x00, 0x00, 0x00, 0x00, 0x00, 0x00, 0x00, 0x00, 0x00, 0x00, 0x00, 0x00, 0x00, 0x00, 0x00, 0x00,
  0x00, 0x00, 0x00, 0x00, 0x00, 0x00, 0x00, 0x00, 0x00, 0x00, 0x00, 0x00, 0x00, 0x00, 0x8e, 0x2a, 0x9a, 0x54, 0x38, 0x4c, 0x58, 0x54, 0x78, 0x54,
  0x78, 0x54, 0x78, 0x54, 0x78, 0x54, 0xba, 0x5c, 0xd4, 0x4b, 0x00, 0x00, 0x00, 0x00, 0x00, 0x00, 0x00, 0x00, 0x00, 0x00, 0x00, 0x00, 0x00, 0x00,
  0x00, 0x00, 0x00, 0x00, 0x00, 0x00, 0x00, 0x00, 0x00, 0x00, 0x00, 0x00, 0x00, 0x00, 0x00, 0x00, 0x00, 0x00, 0x00, 0x00, 0x00, 0x00, 0x00, 0x00,
  0x00, 0x00, 0x00, 0x00, 0x00, 0x00, 0x00, 0x00, 0x00, 0x00, 0x00, 0x00, 0x00, 0x00, 0x00, 0x00, 0x00, 0x00, 0x54, 0x64, 0x1c, 0x96, 0xbb, 0x8d,
  0xdb, 0x8d, 0xdb, 0x8d, 0xdb, 0x8d, 0xdb, 0x95, 0xdb, 0x95, 0x3d, 0x9e, 0x13, 0x64, 0x00, 0x00, 0x00, 0x00, 0x00, 0x00, 0x00, 0x00, 0x00, 0x00,
  0x00, 0x00, 0x00, 0x00, 0x00, 0x00, 0x00, 0x00, 0x00, 0x00, 0x00, 0x00, 0x00, 0x00, 0x00, 0x00, 0x00, 0x00, 0x00, 0x00, 0x00, 0x00, 0x00, 0x00,
  0x00, 0x00, 0x00, 0x00, 0x00, 0x00, 0x00, 0x00, 0x00, 0x00, 0x00, 0x00, 0x00, 0x00, 0x00, 0x00, 0x00, 0x00, 0x00, 0x00, 0x00, 0x00, 0x00, 0x00,
  0x00, 0x00, 0x00, 0x00, 0x00, 0x00, 0x00, 0x00, 0x00, 0x00, 0x00, 0x00, 0x00, 0x00, 0x56, 0x95, 0x3f, 0xc7, 0xdd, 0xbe, 0xfd, 0xbe, 0xfe, 0xc6,
  0xfe, 0xc6, 0x1e, 0xc7, 0xfd, 0xc6, 0x7f, 0xcf, 0x36, 0x95, 0x00, 0x00, 0x00, 0x00, 0x00, 0x00, 0x00, 0x00, 0x00, 0x00, 0x00, 0x00, 0x00, 0x00,
  0x00, 0x00, 0x77, 0x9d, 0x7f, 0xd7, 0x1d, 0xc7, 0x1e, 0xc7, 0x1e, 0xc7, 0x1d, 0xc7, 0x1d, 0xc7, 0xfd, 0xc6, 0x5f, 0xcf, 0x15, 0x8d, 0x00, 0x00,
  0x00, 0x00, 0x00, 0x00, 0x00, 0x00, 0x00, 0x00, 0x00, 0x00, 0x00, 0x00, 0x00, 0x00, 0x25, 0x21, 0x9c, 0xbe, 0xbd, 0xbe, 0x9c, 0xb6, 0x9c, 0xbe,
  0x9c, 0xb6, 0x9c, 0xb6, 0x9c, 0xb6, 0x9c, 0xb6, 0x7c, 0xb6, 0x5b, 0xb6, 0xfe, 0xbe, 0x11, 0x74, 0x00, 0x00, 0x00, 0x00, 0x00, 0x00, 0x00, 0x00,
  0x00, 0x00, 0x00, 0x00, 0x00, 0x00, 0x00, 0x00, 0x00, 0x00, 0x00, 0x00, 0x00, 0x00, 0x00, 0x00, 0x00, 0x00, 0x04, 0x19, 0x1b, 0xa6, 0x1a, 0xa6,
  0xfa, 0xa5, 0xfa, 0xa5, 0xfa, 0xa5, 0xfa, 0xa5, 0xfa, 0xa5, 0xda, 0x9d, 0x3b, 0xae, 0x29, 0x3a, 0x00, 0x00, 0x00, 0x00, 0x00, 0x00, 0x00, 0x00,
  0x00, 0x00, 0x00, 0x00, 0x00, 0x00, 0x00, 0x00, 0x00, 0x00, 0x00, 0x00, 0x00, 0x00, 0x00, 0x00, 0x00, 0x00, 0x00, 0x00, 0x00, 0x00, 0x00, 0x00,
  0x00, 0x00, 0x00, 0x00, 0x6d, 0x3a, 0x15, 0x64, 0xd4, 0x5b, 0xd4, 0x5b, 0xb4, 0x5b, 0xb4, 0x5b, 0xb4, 0x5b, 0xb3, 0x5b, 0x93, 0x5b, 0xb4, 0x5b,
  0xf0, 0x4a, 0x00, 0x00, 0x00, 0x00, 0x00, 0x00, 0x00, 0x00, 0x00, 0x00, 0x00, 0x00, 0x00, 0x00, 0x00, 0x00, 0x00, 0x00, 0x00, 0x00, 0x00, 0x00,
  0x00, 0x00, 0x00, 0x00, 0x00, 0x00, 0x00, 0x00, 0x06, 0x19, 0x12, 0x43, 0xd1, 0x3a, 0xd1, 0x3a, 0xb1, 0x3a, 0xb1, 0x3a, 0xb1, 0x3a, 0xb1, 0x3a,
  0x90, 0x3a, 0x90, 0x32, 0xb1, 0x3a, 0xc5, 0x10, 0x00, 0x00, 0x00, 0x00, 0x00, 0x00, 0x00, 0x00, 0x00, 0x00, 0x00, 0x00, 0x00, 0x00, 0x00, 0x00,
  0x00, 0x00, 0x00, 0x00, 0x00, 0x00, 0x00, 0x00, 0x00, 0x00, 0x00, 0x00, 0x00, 0x00, 0x00, 0x00, 0x00, 0x00, 0x00, 0x00, 0x00, 0x00, 0x00, 0x00,
  0x00, 0x00, 0x00, 0x00, 0x00, 0x00, 0x00, 0x00, 0x00, 0x00, 0x00, 0x00, 0x00, 0x00, 0x00, 0x00, 0x00, 0x00, 0x00, 0x00, 0x00, 0x00, 0x00, 0x00,
  0x00, 0x00, 0x00, 0x00, 0x00, 0x00, 0x00, 0x00, 0x00, 0x00, 0x8e, 0x2a, 0x9a, 0x54, 0x38, 0x4c, 0x58, 0x54, 0x78, 0x54, 0x78, 0x54, 0x78, 0x54,
  0x78, 0x54, 0xba, 0x5c, 0xd4, 0x4b, 0x00, 0x00, 0x00, 0x00, 0x00, 0x00, 0x00, 0x00, 0x00, 0x00, 0x00, 0x00, 0x00, 0x00, 0x00, 0x00, 0x00, 0x00,
  0x00, 0x00, 0x00, 0x00, 0x00, 0x00, 0x00, 0x00, 0x00, 0x00, 0x00, 0x00, 0x00, 0x00, 0x00, 0x00, 0x00, 0x00, 0x00, 0x00, 0x00, 0x00, 0x00, 0x00,
  0x00, 0x00, 0x00, 0x00, 0x00, 0x00, 0x00, 0x00, 0x00, 0x00, 0x00, 0x00, 0x00, 0x00, 0x34, 0x64, 0x1c, 0x96, 0xbb, 0x8d, 0xdb, 0x8d, 0xdb, 0x8d,
  0xdb, 0x8d, 0xdb, 0x95, 0xdb, 0x8d, 0x3d, 0x9e, 0x13, 0x64, 0x00, 0x00, 0x00, 0x00, 0x00, 0x00, 0x00, 0x00, 0x00, 0x00, 0x00, 0x00, 0x00, 0x00,
  0x00, 0x00, 0x00, 0x00, 0x00, 0x00, 0x00, 0x00, 0x00, 0x00, 0x00, 0x00, 0x00, 0x00, 0x00, 0x00, 0x00, 0x00, 0x00, 0x00, 0x00, 0x00, 0x00, 0x00,
  0x00, 0x00, 0x00, 0x00, 0x00, 0x00, 0x00, 0x00, 0x00, 0x00, 0x00, 0x00, 0x00, 0x00, 0x00, 0x00, 0x00, 0x00, 0x00, 0x00, 0x00, 0x00, 0x00, 0x00,
  0x00, 0x00, 0x00, 0x00, 0x00, 0x00, 0x00, 0x00, 0x00, 0x00, 0x56, 0x95, 0x3f, 0xc7, 0xdd, 0xbe, 0xfd, 0xbe, 0xfe, 0xc6, 0xfe, 0xc6, 0x1e, 0xc7,
  0xfd, 0xc6, 0x7f, 0xcf, 0x36, 0x95, 0x00, 0x00, 0x00, 0x00, 0x00, 0x00, 0x00, 0x00, 0x00, 0x00, 0x00, 0x00, 0x00, 0x00, 0x00, 0x00, 0x77, 0x9d,
  0x7f, 0xd7, 0x1d, 0xc7, 0x1e, 0xc7, 0x1e, 0xc7, 0x1e, 0xc7, 0x1d, 0xc7, 0xfd, 0xc6, 0x5f, 0xcf, 0x15, 0x8d, 0x00, 0x00, 0x00, 0x00, 0x00, 0x00,
  0x00, 0x00, 0x00, 0x00, 0x00, 0x00, 0x00, 0x00, 0x00, 0x00, 0x00, 0x00, 0x6a, 0x42, 0x1e, 0xc7, 0x9c, 0xb6, 0x9c, 0xbe, 0x9c, 0xb6, 0x9c, 0xb6,
  0x9c, 0xb6, 0x9c, 0xb6, 0x7c, 0xb6, 0x7c, 0xb6, 0x5b, 0xb6, 0xdd, 0xbe, 0xab, 0x4a, 0x00, 0x00, 0x00, 0x00, 0x00, 0x00, 0x00, 0x00, 0x00, 0x00,
  0x00, 0x00, 0x00, 0x00, 0x00, 0x00, 0x00, 0x00, 0x00, 0x00, 0x00, 0x00, 0x00, 0x00, 0x04, 0x19, 0x1b, 0xa6, 0x1a, 0xa6, 0xfa, 0xa5, 0xfa, 0xa5,
  0xfa, 0xa5, 0xfa, 0xa5, 0xfa, 0xa5, 0xda, 0x9d, 0x3b, 0xae, 0x29, 0x3a, 0x00, 0x00, 0x00, 0x00, 0x00, 0x00, 0x00, 0x00, 0x00, 0x00, 0x00, 0x00,
  0x00, 0x00, 0x00, 0x00, 0x00, 0x00, 0x00, 0x00, 0x00, 0x00, 0x00, 0x00, 0x00, 0x00, 0x00, 0x00, 0x00, 0x00, 0x00, 0x00, 0x00, 0x00, 0x82, 0x08,
  0xd4, 0x63, 0xf4, 0x63, 0xd4, 0x63, 0xd4, 0x5b, 0xb4, 0x5b, 0xb4, 0x5b, 0xb4, 0x5b, 0xb3, 0x5b, 0x93, 0x53, 0xd5, 0x5b, 0x88, 0x21, 0x00, 0x00,
  0x00, 0x00, 0x00, 0x00, 0x00, 0x00, 0x00, 0x00, 0x00, 0x00, 0x00, 0x00, 0x00, 0x00, 0x00, 0x00, 0x00, 0x00, 0x00, 0x00, 0x00, 0x00, 0x00, 0x00,
  0x00, 0x00, 0x00, 0x00, 0x20, 0x00, 0x8f, 0x3a, 0xf2, 0x42, 0xd1, 0x3a, 0xd1, 0x3a, 0xb1, 0x3a, 0xb1, 0x3a, 0xb1, 0x3a, 0x91, 0x3a, 0x90, 0x32,
  0xb1, 0x3a, 0xec, 0x29, 0x00, 0x00, 0x00, 0x00, 0x00, 0x00, 0x00, 0x00, 0x00, 0x00, 0x00, 0x00, 0x00, 0x00, 0x00, 0x00, 0x00, 0x00, 0x00, 0x00,
  0x00, 0x00, 0x00, 0x00, 0x00, 0x00, 0x00, 0x00, 0x00, 0x00, 0x00, 0x00, 0x00, 0x00, 0x00, 0x00, 0x00, 0x00, 0x00, 0x00, 0x00, 0x00, 0x00, 0x00,
  0x00, 0x00, 0x00, 0x00, 0x00, 0x00, 0x00, 0x00, 0x00, 0x00, 0x00, 0x00, 0x00, 0x00, 0x00, 0x00, 0x00, 0x00, 0x00, 0x00, 0x00, 0x00, 0x00, 0x00,
  0x00, 0x00, 0x00, 0x00, 0x00, 0x00, 0x8e, 0x2a, 0x9a, 0x54, 0x38, 0x4c, 0x58, 0x54, 0x78, 0x54, 0x78, 0x54, 0x78, 0x54, 0x78, 0x54, 0xba, 0x5c,
  0xd4, 0x4b, 0x00, 0x00, 0x00, 0x00, 0x00, 0x00, 0x00, 0x00, 0x00, 0x00, 0x00, 0x00, 0x00, 0x00, 0x00, 0x00, 0x00, 0x00, 0x00, 0x00, 0x00, 0x00,
  0x00, 0x00, 0x00, 0x00, 0x00, 0x00, 0x00, 0x00, 0x00, 0x00, 0x00, 0x00, 0x00, 0x00, 0x00, 0x00, 0x00, 0x00, 0x00, 0x00, 0x00, 0x00, 0x00, 0x00,
  0x00, 0x00, 0x00, 0x00, 0x00, 0x00, 0x00, 0x00, 0x00, 0x00, 0x34, 0x64, 0x1c, 0x96, 0xbb, 0x8d, 0xdb, 0x8d, 0xdb, 0x8d, 0xdb, 0x8d, 0xdb, 0x95,
  0xdb, 0x8d, 0x3d, 0x9e, 0x13, 0x64, 0x00, 0x00, 0x00, 0x00, 0x00, 0x00, 0x00, 0x00, 0x00, 0x00, 0x00, 0x00, 0x00, 0x00, 0x00, 0x00, 0x00, 0x00,
  0x00, 0x00, 0x00, 0x00, 0x00, 0x00, 0x00, 0x00, 0x00, 0x00, 0x00, 0x00, 0x00, 0x00, 0x00, 0x00, 0x00, 0x00, 0x00, 0x00, 0x00, 0x00, 0x00, 0x00,
  0x00, 0x00, 0x00, 0x00, 0x00, 0x00, 0x00, 0x00, 0x00, 0x00, 0x00, 0x00, 0x00, 0x00, 0x00, 0x00, 0x00, 0x00, 0x00, 0x00, 0x00, 0x00, 0x00, 0x00,
  0x00, 0x00, 0x00, 0x00, 0x00, 0x00, 0x56, 0x95, 0x3f, 0xc7, 0xdd, 0xbe, 0xfd, 0xbe, 0xfe, 0xc6, 0xfe, 0xc6, 0x1e, 0xc7, 0xfd, 0xc6, 0x7f, 0xcf,
  0x36, 0x95, 0x00, 0x00, 0x00, 0x00, 0x00, 0x00, 0x00, 0x00, 0x00, 0x00, 0x00, 0x00, 0x00, 0x00, 0x00, 0x00, 0x77, 0x9d, 0x7f, 0xd7, 0x1d, 0xc7,
  0x1e, 0xc7, 0x1e, 0xc7, 0x1d, 0xc7, 0x1d, 0xc7, 0xfd, 0xc6, 0x5f, 0xcf, 0x15, 0x8d, 0x00, 0x00, 0x00, 0x00, 0x00, 0x00, 0x00, 0x00, 0x00, 0x00,
  0x00, 0x00, 0x00, 0x00, 0x00, 0x00, 0x20, 0x00, 0x00, 0x00, 0xd0, 0x6b, 0x3e, 0xc7, 0x7c, 0xb6, 0x9c, 0xb6, 0x9c, 0xb6, 0x9c, 0xb6, 0x9c, 0xb6,
  0x7c, 0xb6, 0x7c, 0xb6, 0x7c, 0xb6, 0x7c, 0xb6, 0x7c, 0xb6, 0x46, 0x21, 0x00, 0x00, 0x00, 0x00, 0x00, 0x00, 0x00, 0x00, 0x00, 0x00, 0x00, 0x00,
  0x00, 0x00, 0x00, 0x00, 0x00, 0x00, 0x00, 0x00, 0x00, 0x00, 0x04, 0x19, 0x1a, 0xa6, 0x1a, 0xa6, 0xfa, 0xa5, 0xfa, 0xa5, 0xfa, 0xa5, 0xfa, 0xa5,
  0xfa, 0xa5, 0xda, 0x9d, 0x3b, 0xae, 0x29, 0x3a, 0x00, 0x00, 0x00, 0x00, 0x00, 0x00, 0x00, 0x00, 0x00, 0x00, 0x00, 0x00, 0x00, 0x00, 0x00, 0x00,
  0x00, 0x00, 0x00, 0x00, 0x00, 0x00, 0x00, 0x00, 0x00, 0x00, 0x00, 0x00, 0x00, 0x00, 0x00, 0x00, 0x00, 0x00, 0x2b, 0x32, 0x36, 0x6c, 0xd4, 0x5b,
  0xd4, 0x63, 0xd4, 0x5b, 0xb4, 0x5b, 0xb4, 0x5b, 0xb4, 0x5b, 0x93, 0x5b, 0xb4, 0x5b, 0x52, 0x53, 0x21, 0x00, 0x00, 0x00, 0x00, 0x00, 0x00, 0x00,
  0x00, 0x00, 0x00, 0x00, 0x00, 0x00, 0x00, 0x00, 0x00, 0x00, 0x00, 0x00, 0x00, 0x00, 0x00, 0x00, 0x00, 0x00, 0x00, 0x00, 0x00, 0x00, 0x00, 0x00,
  0x00, 0x00, 0x68, 0x21, 0x12, 0x43, 0xb1, 0x3a, 0xb1, 0x3a, 0xb1, 0x3a, 0xb1, 0x3a, 0xb1, 0x3a, 0x90, 0x3a, 0x90, 0x32, 0x90, 0x32, 0x91, 0x32,
  0x83, 0x08, 0x00, 0x00, 0x00, 0x00, 0x00, 0x00, 0x00, 0x00, 0x00, 0x00, 0x00, 0x00, 0x00, 0x00, 0x00, 0x00, 0x00, 0x00, 0x00, 0x00, 0x00, 0x00,
  0x00, 0x00, 0x00, 0x00, 0x00, 0x00, 0x00, 0x00, 0x00, 0x00, 0x00, 0x00, 0x00, 0x00, 0x00, 0x00, 0x00, 0x00, 0x00, 0x00, 0x00, 0x00, 0x00, 0x00,
  0x00, 0x00, 0x00, 0x00, 0x00, 0x00, 0x00, 0x00, 0x00, 0x00, 0x00, 0x00, 0x00, 0x00, 0x00, 0x00, 0x00, 0x00, 0x00, 0x00, 0x00, 0x00, 0x00, 0x00,
  0x00, 0x00, 0x8e, 0x2a, 0x9a, 0x54, 0x38, 0x4c, 0x58, 0x54, 0x78, 0x54, 0x78, 0x54, 0x78, 0x54, 0x78, 0x54, 0xba, 0x5c, 0xd4, 0x4b, 0x00, 0x00,
  0x00, 0x00, 0x00, 0x00, 0x00, 0x00, 0x00, 0x00, 0x00, 0x00, 0x00, 0x00, 0x00, 0x00, 0x00, 0x00, 0x00, 0x00, 0x00, 0x00, 0x00, 0x00, 0x00, 0x00,
  0x00, 0x00, 0x00, 0x00, 0x00, 0x00, 0x00, 0x00, 0x00, 0x00, 0x00, 0x00, 0x00, 0x00, 0x00, 0x00, 0x00, 0x00, 0x00, 0x00, 0x00, 0x00, 0x00, 0x00,
  0x00, 0x00, 0x00, 0x00, 0x00, 0x00, 0x34, 0x64, 0x1c, 0x96, 0xbb, 0x8d, 0xdb, 0x8d, 0xdb, 0x8d, 0xdb, 0x8d, 0xdb, 0x95, 0xdb, 0x8d, 0x3d, 0x9e,
  0x13, 0x64, 0x00, 0x00, 0x00, 0x00, 0x00, 0x00, 0x00, 0x00, 0x00, 0x00, 0x00, 0x00, 0x00, 0x00, 0x00, 0x00, 0x00, 0x00, 0x00, 0x00, 0x00, 0x00,
  0x00, 0x00, 0x00, 0x00, 0x00, 0x00, 0x00, 0x00, 0x00, 0x00, 0x00, 0x00, 0x00, 0x00, 0x00, 0x00, 0x00, 0x00, 0x00, 0x00, 0x00, 0x00, 0x00, 0x00,
  0x00, 0x00, 0x00, 0x00, 0x00, 0x00, 0x00, 0x00, 0x00, 0x00, 0x00, 0x00, 0x00, 0x00, 0x00, 0x00, 0x00, 0x00, 0x00, 0x00, 0x00, 0x00, 0x00, 0x00,
  0x00, 0x00, 0x56, 0x95, 0x3f, 0xc7, 0xdd, 0xbe, 0xfd, 0xbe, 0xfe, 0xc6, 0xfe, 0xc6, 0x1e, 0xc7, 0xfd, 0xc6, 0x7f, 0xcf, 0x36, 0x95, 0x00, 0x00,
  0x00, 0x00, 0x00, 0x00, 0x00, 0x00, 0x00, 0x00, 0x00, 0x00, 0x00, 0x00, 0x00, 0x00, 0x77, 0x9d, 0x7f, 0xd7, 0x1d, 0xc7, 0x1e, 0xc7, 0x1e, 0xc7,
  0x1e, 0xc7, 0x1d, 0xc7, 0xfd, 0xc6, 0x5f, 0xcf, 0x15, 0x8d, 0x00, 0x00, 0x00, 0x00, 0x00, 0x00, 0x00, 0x00, 0x00, 0x00, 0x00, 0x00, 0x00, 0x00,
  0x00, 0x00, 0x00, 0x00, 0x00, 0x00, 0x20, 0x00, 0x36, 0x8d, 0xfe, 0xc6, 0x7c, 0xb6, 0x9c, 0xb6, 0x9c, 0xb6, 0x7c, 0xb6, 0x7c, 0xb6, 0x7c, 0xb6,
  0x7c, 0xb6, 0x5b, 0xb6, 0x9c, 0xb6, 0xb8, 0x9d, 0x62, 0x08, 0x00, 0x00, 0x00, 0x00, 0x00, 0x00, 0x00, 0x00, 0x00, 0x00, 0x00, 0x00, 0x00, 0x00,
  0x00, 0x00, 0x00, 0x00, 0x00, 0x00, 0x04, 0x19, 0x1b, 0xa6, 0x1a, 0xa6, 0xfa, 0xa5, 0xfa, 0xa5, 0xfa, 0xa5, 0xfa, 0xa5, 0xfa, 0xa5, 0xda, 0x9d,
  0x3b, 0xae, 0x29, 0x3a, 0x00, 0x00, 0x00, 0x00, 0x00, 0x00, 0x00, 0x00, 0x00, 0x00, 0x00, 0x00, 0x00, 0x00, 0x00, 0x00, 0x00, 0x00, 0x00, 0x00,
  0x00, 0x00, 0x00, 0x00, 0x00, 0x00, 0x00, 0x00, 0x00, 0x00, 0x00, 0x00, 0x41, 0x00, 0x93, 0x5b, 0xf5, 0x63, 0xd4, 0x63, 0xd4, 0x63, 0xd4, 0x5b,
  0xb4, 0x5b, 0xb4, 0x5b, 0xb4, 0x5b, 0x93, 0x5b, 0xd5, 0x5b, 0xea, 0x29, 0x00, 0x00, 0x00, 0x00, 0x00, 0x00, 0x00, 0x00, 0x00, 0x00, 0x00, 0x00,
  0x00, 0x00, 0x00, 0x00, 0x00, 0x00, 0x00, 0x00, 0x00, 0x00, 0x00, 0x00, 0x00, 0x00, 0x00, 0x00, 0x00, 0x00, 0x00, 0x00, 0x00, 0x00, 0x41, 0x00,
  0xb0, 0x3a, 0xd1, 0x42, 0xb1, 0x3a, 0xb1, 0x3a, 0xb1, 0x3a, 0xb1, 0x3a, 0x90, 0x3a, 0x90, 0x32, 0x70, 0x32, 0xb1, 0x3a, 0xab, 0x21, 0x00, 0x00,
  0x00, 0x00, 0x00, 0x00, 0x00, 0x00, 0x00, 0x00, 0x00, 0x00, 0x00, 0x00, 0x00, 0x00, 0x00, 0x00, 0x00, 0x00, 0x00, 0x00, 0x00, 0x00, 0x00, 0x00,
  0x00, 0x00, 0x00, 0x00, 0x00, 0x00, 0x00, 0x00, 0x00, 0x00, 0x00, 0x00, 0x00, 0x00, 0x00, 0x00, 0x00, 0x00, 0x00, 0x00, 0x00, 0x00, 0x00, 0x00,
  0x00, 0x00, 0x00, 0x00, 0x00, 0x00, 0x00, 0x00, 0x00, 0x00, 0x00, 0x00, 0x00, 0x00, 0x00, 0x00, 0x00, 0x00, 0x00, 0x00, 0x00, 0x00, 0x8e, 0x2a,
  0x9a, 0x54, 0x38, 0x4c, 0x58, 0x54, 0x78, 0x54, 0x78, 0x54, 0x78, 0x54, 0x78, 0x54, 0xba, 0x5c, 0xd4, 0x4b, 0x00, 0x00, 0x00, 0x00, 0x00, 0x00,
  0x00, 0x00, 0x00, 0x00, 0x00, 0x00, 0x00, 0x00, 0x00, 0x00, 0x00, 0x00, 0x00, 0x00, 0x00, 0x00, 0x00, 0x00, 0x00, 0x00, 0x00, 0x00, 0x00, 0x00,
  0x00, 0x00, 0x00, 0x00, 0x00, 0x00, 0x00, 0x00, 0x00, 0x00, 0x00, 0x00, 0x00, 0x00, 0x00, 0x00, 0x00, 0x00, 0x00, 0x00, 0x00, 0x00, 0x00, 0x00,
  0x00, 0x00, 0x54, 0x64, 0x1c, 0x96, 0xbb, 0x8d, 0xdb, 0x8d, 0xdb, 0x8d, 0xdb, 0x8d, 0xdb, 0x95, 0xdb, 0x8d, 0x3d, 0x9e, 0x13, 0x64, 0x00, 0x00,
  0x00, 0x00, 0x00, 0x00, 0x00, 0x00, 0x00, 0x00, 0x00, 0x00, 0x00, 0x00, 0x00, 0x00, 0x00, 0x00, 0x00, 0x00, 0x00, 0x00, 0x00, 0x00, 0x00, 0x00,
  0x00, 0x00, 0x00, 0x00, 0x00, 0x00, 0x00, 0x00, 0x00, 0x00, 0x00, 0x00, 0x00, 0x00, 0x00, 0x00, 0x00, 0x00, 0x00, 0x00, 0x00, 0x00, 0x00, 0x00,
  0x00, 0x00, 0x00, 0x00, 0x00, 0x00, 0x00, 0x00, 0x00, 0x00, 0x00, 0x00, 0x00, 0x00, 0x00, 0x00, 0x00, 0x00, 0x00, 0x00, 0x00, 0x00, 0x56, 0x95,
  0x3f, 0xc7, 0xdd, 0xbe, 0xfd, 0xbe, 0xfd, 0xc6, 0xfe, 0xc6, 0x1e, 0xc7, 0xfd, 0xc6, 0x7f, 0xcf, 0x36, 0x95, 0x00, 0x00, 0x00, 0x00, 0x00, 0x00,
  0x00, 0x00, 0x00, 0x00, 0x00, 0x00, 0x00, 0x00, 0x00, 0x00, 0x77, 0x9d, 0x7f, 0xd7, 0x1d, 0xc7, 0x1e, 0xc7, 0x1e, 0xc7, 0x1e, 0xc7, 0x1d, 0xc7,
  0xfd, 0xc6, 0x5f, 0xcf, 0x15, 0x8d, 0x00, 0x00, 0x00, 0x00, 0x00, 0x00, 0x00, 0x00, 0x00, 0x00, 0x00, 0x00, 0x00, 0x00, 0x00, 0x00, 0x00, 0x00,
  0x00, 0x00, 0x00, 0x00, 0xc3, 0x10, 0x3a, 0xae, 0xbd, 0xbe, 0x7c, 0xb6, 0x9c, 0xb6, 0x9c, 0xb6, 0x7c, 0xb6, 0x7c, 0xb6, 0x7c, 0xb6, 0x7c, 0xb6,
  0x5b, 0xae, 0xdd, 0xbe, 0x73, 0x7c, 0x00, 0x00, 0x00, 0x00, 0x00, 0x00, 0x00, 0x00, 0x00, 0x00, 0x00, 0x00, 0x00, 0x00, 0x00, 0x00, 0x00, 0x00,
  0x00, 0x00, 0x04, 0x19, 0x1b, 0xa6, 0x1a, 0xa6, 0xfa, 0xa5, 0xfa, 0xa5, 0xfa, 0xa5, 0xfa, 0xa5, 0xfa, 0xa5, 0xda, 0x9d, 0x3b, 0xae, 0x29, 0x3a,
  0x00, 0x00, 0x00, 0x00, 0x00, 0x00, 0x00, 0x00, 0x00, 0x00, 0x00, 0x00, 0x00, 0x00, 0x00, 0x00, 0x00, 0x00, 0x00, 0x00, 0x00, 0x00, 0x00, 0x00,
  0x00, 0x00, 0x00, 0x00, 0x00, 0x00, 0x00, 0x00, 0xa9, 0x29, 0x36, 0x6c, 0xd4, 0x63, 0xd4, 0x63, 0xd4, 0x63, 0xd4, 0x5b, 0xb4, 0x5b, 0xb4, 0x5b,
  0xb4, 0x5b, 0xb4, 0x5b, 0x93, 0x53, 0x62, 0x08, 0x00, 0x00, 0x00, 0x00, 0x00, 0x00, 0x00, 0x00, 0x00, 0x00, 0x00, 0x00, 0x00, 0x00, 0x00, 0x00,
  0x00, 0x00, 0x00, 0x00, 0x00, 0x00, 0x00, 0x00, 0x00, 0x00, 0x00, 0x00, 0x00, 0x00, 0x00, 0x00, 0x00, 0x00, 0x00, 0x00, 0xaa, 0x21, 0xf2, 0x42,
  0xb1, 0x3a, 0xb1, 0x3a, 0xb1, 0x3a, 0xb1, 0x3a, 0x90, 0x3a, 0x90, 0x32, 0x90, 0x32, 0x70, 0x32, 0x70, 0x32, 0x42, 0x08, 0x00, 0x00, 0x00, 0x00,
  0x00, 0x00, 0x00, 0x00, 0x00, 0x00, 0x00, 0x00, 0x00, 0x00, 0x00, 0x00, 0x00, 0x00, 0x00, 0x00, 0x00, 0x00, 0x00, 0x00, 0x00, 0x00, 0x00, 0x00,
  0x00, 0x00, 0x00, 0x00, 0x00, 0x00, 0x00, 0x00, 0x00, 0x00, 0x00, 0x00, 0x00, 0x00, 0x00, 0x00, 0x00, 0x00, 0x00, 0x00, 0x00, 0x00, 0x00, 0x00,
  0x00, 0x00, 0x00, 0x00, 0x00, 0x00, 0x00, 0x00, 0x00, 0x00, 0x00, 0x00, 0x00, 0x00, 0x00, 0x00, 0x00, 0x00, 0x8e, 0x2a, 0x9a, 0x54, 0x38, 0x4c,
  0x58, 0x54, 0x78, 0x54, 0x78, 0x54, 0x78, 0x54, 0x78, 0x54, 0xba, 0x5c, 0xd4, 0x4b, 0x00, 0x00, 0x00, 0x00, 0x00, 0x00, 0x00, 0x00, 0x00, 0x00,
  0x00, 0x00, 0x00, 0x00, 0x00, 0x00, 0x00, 0x00, 0x00, 0x00, 0x00, 0x00, 0x00, 0x00, 0x00, 0x00, 0x00, 0x00, 0x00, 0x00, 0x00, 0x00, 0x00, 0x00,
  0x00, 0x00, 0x00, 0x00, 0x00, 0x00, 0x00, 0x00, 0x00, 0x00, 0x00, 0x00, 0x00, 0x00, 0x00, 0x00, 0x00, 0x00, 0x00, 0x00, 0x00, 0x00, 0x54, 0x64,
  0x1c, 0x96, 0xbb, 0x8d, 0xdb, 0x8d, 0xdb, 0x8d, 0xdb, 0x8d, 0xdb, 0x95, 0xdb, 0x8d, 0x3d, 0x9e, 0x13, 0x64, 0x00, 0x00, 0x00, 0x00, 0x00, 0x00,
  0x00, 0x00, 0x00, 0x00, 0x00, 0x00, 0x00, 0x00, 0x00, 0x00, 0x00, 0x00, 0x00, 0x00, 0x00, 0x00, 0x00, 0x00, 0x00, 0x00, 0x00, 0x00, 0x00, 0x00,
  0x00, 0x00, 0x00, 0x00, 0x00, 0x00, 0x00, 0x00, 0x00, 0x00, 0x00, 0x00, 0x00, 0x00, 0x00, 0x00, 0x00, 0x00, 0x00, 0x00, 0x00, 0x00, 0x00, 0x00,
  0x00, 0x00, 0x00, 0x00, 0x00, 0x00, 0x00, 0x00, 0x00, 0x00, 0x00, 0x00, 0x00, 0x00, 0x00, 0x00, 0x00, 0x00, 0x56, 0x95, 0x3f, 0xc7, 0xdd, 0xbe,
  0xfd, 0xbe, 0xfe, 0xc6, 0xfe, 0xc6, 0x1e, 0xc7, 0xfd, 0xc6, 0x7f, 0xcf, 0x36, 0x95, 0x00, 0x00, 0x00, 0x00, 0x00, 0x00, 0x00, 0x00, 0x00, 0x00,
  0x00, 0x00, 0x00, 0x00, 0x00, 0x00, 0x77, 0x9d, 0x7f, 0xd7, 0x1d, 0xc7, 0x1e, 0xc7, 0x1e, 0xc7, 0x1d, 0xc7, 0x1d, 0xc7, 0xfd, 0xc6, 0x5f, 0xcf,
  0x15, 0x8d, 0x00, 0x00, 0x00, 0x00, 0x00, 0x00, 0x00, 0x00, 0x00, 0x00, 0x00, 0x00, 0x00, 0x00, 0x00, 0x00, 0x00, 0x00, 0x00, 0x00, 0x00, 0x00,
  0x00, 0x00, 0xc7, 0x31, 0xdd, 0xbe, 0x9c, 0xb6, 0x9c, 0xb6, 0x9c, 0xb6, 0x7c, 0xb6, 0x7c, 0xb6, 0x7c, 0xb6, 0x7c, 0xb6, 0x7c, 0xb6, 0x3b, 0xae,
  0xdd, 0xbe, 0x0d, 0x53, 0x00, 0x00, 0x00, 0x00, 0x00, 0x00, 0x00, 0x00, 0x00, 0x00, 0x00, 0x00, 0x00, 0x00, 0x00, 0x00, 0x00, 0x00, 0x04, 0x19,
  0x1b, 0xa6, 0x1a, 0xa6, 0xfa, 0xa5, 0xfa, 0xa5, 0xfa, 0xa5, 0xfa, 0xa5, 0xfa, 0xa5, 0xda, 0x9d, 0x3b, 0xae, 0x29, 0x3a, 0x00, 0x00, 0x00, 0x00,
  0x00, 0x00, 0x00, 0x00, 0x00, 0x00, 0x00, 0x00, 0x00, 0x00, 0x00, 0x00, 0x00, 0x00, 0x00, 0x00, 0x00, 0x00, 0x00, 0x00, 0x00, 0x00, 0x00, 0x00,
  0x00, 0x00, 0x00, 0x00, 0x51, 0x53, 0x15, 0x64, 0xd4, 0x63, 0xd4, 0x63, 0xd4, 0x63, 0xd4, 0x5b, 0xb4, 0x5b, 0xb4, 0x5b, 0x93, 0x5b, 0xd5, 0x5b,
  0x4c, 0x3a, 0x00, 0x00, 0x00, 0x00, 0x00, 0x00, 0x00, 0x00, 0x00, 0x00, 0x00, 0x00, 0x00, 0x00, 0x00, 0x00, 0x00, 0x00, 0x00, 0x00, 0x00, 0x00,
  0x00, 0x00, 0x00, 0x00, 0x00, 0x00, 0x00, 0x00, 0x00, 0x00, 0x00, 0x00, 0x00, 0x00, 0x00, 0x00, 0x83, 0x08, 0xd1, 0x3a, 0xb1, 0x3a, 0xb1, 0x3a,
  0xb1, 0x3a, 0xb1, 0x3a, 0x90, 0x3a, 0x90, 0x3a, 0x90, 0x32, 0x70, 0x32, 0x91, 0x32, 0x49, 0x19, 0x00, 0x00, 0x00, 0x00, 0x00, 0x00, 0x00, 0x00,
  0x00, 0x00, 0x00, 0x00, 0x00, 0x00, 0x00, 0x00, 0x00, 0x00, 0x00, 0x00, 0x00, 0x00, 0x00, 0x00, 0x00, 0x00, 0x00, 0x00, 0x00, 0x00, 0x00, 0x00,
  0x00, 0x00, 0x00, 0x00, 0x00, 0x00, 0x00, 0x00, 0x00, 0x00, 0x00, 0x00, 0x00, 0x00, 0x00, 0x00, 0x00, 0x00, 0x00, 0x00, 0x00, 0x00, 0x00, 0x00,
  0x00, 0x00, 0x00, 0x00, 0x00, 0x00, 0x00, 0x00, 0x00, 0x00, 0x00, 0x00, 0x00, 0x00, 0x8e, 0x2a, 0x9a, 0x54, 0x38, 0x4c, 0x58, 0x54, 0x78, 0x54,
  0x78, 0x54, 0x78, 0x54, 0x78, 0x54, 0xba, 0x5c, 0xd4, 0x4b, 0x00, 0x00, 0x00, 0x00, 0x00, 0x00, 0x00, 0x00, 0x00, 0x00, 0x00, 0x00, 0x00, 0x00,
  0x00, 0x00, 0x00, 0x00, 0x00, 0x00, 0x00, 0x00, 0x00, 0x00, 0x00, 0x00, 0x00, 0x00, 0x00, 0x00, 0x00, 0x00, 0x00, 0x00, 0x00, 0x00, 0x00, 0x00,
  0x00, 0x00, 0x00, 0x00, 0x00, 0x00, 0x00, 0x00, 0x00, 0x00, 0x00, 0x00, 0x00, 0x00, 0x00, 0x00, 0x00, 0x00, 0x54, 0x64, 0x1c, 0x96, 0xbb, 0x8d,
  0xdb, 0x8d, 0xdb, 0x8d, 0xdb, 0x8d, 0xdb, 0x95, 0xdb, 0x8d, 0x3d, 0x9e, 0x13, 0x64, 0x00, 0x00, 0x00, 0x00, 0x00, 0x00, 0x00, 0x00, 0x00, 0x00,
  0x00, 0x00, 0x00, 0x00, 0x00, 0x00, 0x00, 0x00, 0x00, 0x00, 0x00, 0x00, 0x00, 0x00, 0x00, 0x00, 0x00, 0x00, 0x00, 0x00, 0x00, 0x00, 0x00, 0x00,
  0x00, 0x00, 0x00, 0x00, 0x00, 0x00, 0x00, 0x00, 0x00, 0x00, 0x00, 0x00, 0x00, 0x00, 0x00, 0x00, 0x00, 0x00, 0x00, 0x00, 0x00, 0x00, 0x00, 0x00,
  0x00, 0x00, 0x00, 0x00, 0x00, 0x00, 0x00, 0x00, 0x00, 0x00, 0x00, 0x00, 0x00, 0x00, 0x56, 0x95, 0x3f, 0xc7, 0xdd, 0xbe, 0xfd, 0xbe, 0xfe, 0xc6,
  0xfe, 0xc6, 0x1e, 0xc7, 0xfd, 0xc6, 0x7f, 0xcf, 0x36, 0x95, 0x00, 0x00, 0x00, 0x00, 0x00, 0x00, 0x00, 0x00, 0x00, 0x00, 0x00, 0x00, 0x00, 0x00,
  0x00, 0x00, 0x77, 0x9d, 0x7f, 0xd7, 0x1d, 0xc7, 0x1e, 0xc7, 0x1e, 0xc7, 0x1e, 0xc7, 0x1d, 0xc7, 0xfd, 0xc6, 0x5f, 0xcf, 0x15, 0x8d, 0x00, 0x00,
  0x00, 0x00, 0x00, 0x00, 0x00, 0x00, 0x00, 0x00, 0x00, 0x00, 0x00, 0x00, 0x00, 0x00, 0x00, 0x00, 0x00, 0x00, 0x00, 0x00, 0x20, 0x00, 0x00, 0x00,
  0x2d, 0x5b, 0x1e, 0xc7, 0x7c, 0xb6, 0x9c, 0xb6, 0x7c, 0xb6, 0x7c, 0xb6, 0x7c, 0xb6, 0x7c, 0xb6, 0x7c, 0xb6, 0x5b, 0xae, 0x5b, 0xae, 0x9c, 0xb6,
  0xa7, 0x29, 0x00, 0x00, 0x00, 0x00, 0x00, 0x00, 0x00, 0x00, 0x00, 0x00, 0x00, 0x00, 0x00, 0x00, 0x00, 0x00, 0x04, 0x19, 0x1b, 0xa6, 0x1a, 0xa6,
  0xfa, 0xa5, 0xfa, 0xa5, 0xfa, 0xa5, 0xfa, 0xa5, 0xfa, 0xa5, 0xda, 0x9d, 0x3b, 0xae, 0x29, 0x3a, 0x00, 0x00, 0x00, 0x00, 0x00, 0x00, 0x00, 0x00,
  0x00, 0x00, 0x00, 0x00, 0x00, 0x00, 0x00, 0x00, 0x00, 0x00, 0x00, 0x00, 0x00, 0x00, 0x00, 0x00, 0x00, 0x00, 0x00, 0x00, 0x00, 0x00, 0x46, 0x21,
  0x36, 0x6c, 0xd4, 0x63, 0xf4, 0x63, 0xd4, 0x63, 0xd4, 0x63, 0xd4, 0x5b, 0xb4, 0x5b, 0xb4, 0x5b, 0xb3, 0x5b, 0xb4, 0x5b, 0xc4, 0x10, 0x00, 0x00,
  0x00, 0x00, 0x00, 0x00, 0x00, 0x00, 0x00, 0x00, 0x00, 0x00, 0x00, 0x00, 0x00, 0x00, 0x00, 0x00, 0x00, 0x00, 0x00, 0x00, 0x00, 0x00, 0x00, 0x00,
  0x00, 0x00, 0x00, 0x00, 0x00, 0x00, 0x00, 0x00, 0x00, 0x00, 0x00, 0x00, 0x00, 0x00, 0xec, 0x29, 0xf2, 0x42, 0xb1, 0x3a, 0xb1, 0x3a, 0xb1, 0x3a,
  0x90, 0x3a, 0x90, 0x32, 0x90, 0x32, 0x70, 0x32, 0x70, 0x32, 0x2f, 0x2a, 0x21, 0x00, 0x00, 0x00, 0x00, 0x00, 0x00, 0x00, 0x00, 0x00, 0x00, 0x00,
  0x00, 0x00, 0x00, 0x00, 0x00, 0x00, 0x00, 0x00, 0x00, 0x00, 0x00, 0x00, 0x00, 0x00, 0x00, 0x00, 0x00, 0x00, 0x00, 0x00, 0x00, 0x00, 0x00, 0x00,
  0x00, 0x00, 0x00, 0x00, 0x00, 0x00, 0x00, 0x00, 0x00, 0x00, 0x00, 0x00, 0x00, 0x00, 0x00, 0x00, 0x00, 0x00, 0x00, 0x00, 0x00, 0x00, 0x00, 0x00,
  0x00, 0x00, 0x00, 0x00, 0x00, 0x00, 0x00, 0x00, 0x00, 0x00, 0x8e, 0x2a, 0x9a, 0x54, 0x38, 0x4c, 0x58, 0x54, 0x78, 0x54, 0x78, 0x54, 0x78, 0x54,
  0x78, 0x54, 0xba, 0x5c, 0xd4, 0x4b, 0x00, 0x00, 0x00, 0x00, 0x00, 0x00, 0x00, 0x00, 0x00, 0x00, 0x00, 0x00, 0x00, 0x00, 0x00, 0x00, 0x00, 0x00,
  0x00, 0x00, 0x00, 0x00, 0x00, 0x00, 0x00, 0x00, 0x00, 0x00, 0x00, 0x00, 0x00, 0x00, 0x00, 0x00, 0x00, 0x00, 0x00, 0x00, 0x00, 0x00, 0x00, 0x00,
  0x00, 0x00, 0x00, 0x00, 0x00, 0x00, 0x00, 0x00, 0x00, 0x00, 0x00, 0x00, 0x00, 0x00, 0x34, 0x64, 0x1c, 0x96, 0xbb, 0x8d, 0xdb, 0x8d, 0xdb, 0x8d,
  0xdb, 0x8d, 0xdb, 0x95, 0xdb, 0x8d, 0x3d, 0x9e, 0x13, 0x64, 0x00, 0x00, 0x00, 0x00, 0x00, 0x00, 0x00, 0x00, 0x00, 0x00, 0x00, 0x00, 0x00, 0x00,
  0x00, 0x00, 0x00, 0x00, 0x00, 0x00, 0x00, 0x00, 0x00, 0x00, 0x00, 0x00, 0x00, 0x00, 0x00, 0x00, 0x00, 0x00, 0x00, 0x00, 0x00, 0x00, 0x00, 0x00,
  0x00, 0x00, 0x00, 0x00, 0x00, 0x00, 0x00, 0x00, 0x00, 0x00, 0x00, 0x00, 0x00, 0x00, 0x00, 0x00, 0x00, 0x00, 0x00, 0x00, 0x00, 0x00, 0x00, 0x00,
  0x00, 0x00, 0x00, 0x00, 0x00, 0x00, 0x00, 0x00, 0x00, 0x00, 0x56, 0x8d, 0x3f, 0xc7, 0xdd, 0xbe, 0xfd, 0xbe, 0xfe, 0xc6, 0xfe, 0xc6, 0x1e, 0xc7,
  0xfd, 0xc6, 0x7f, 0xcf, 0x36, 0x95, 0x00, 0x00, 0x00, 0x00, 0x00, 0x00, 0x00, 0x00, 0x00, 0x00, 0x00, 0x00, 0x00, 0x00, 0x00, 0x00, 0x77, 0x9d,
  0x7f, 0xd7, 0x1d, 0xc7, 0x1e, 0xc7, 0x1e, 0xc7, 0x1d, 0xc7, 0x1d, 0xc7, 0xfd, 0xc6, 0x5f, 0xcf, 0x15, 0x8d, 0x00, 0x00, 0x00, 0x00, 0x00, 0x00,
  0x00, 0x00, 0x00, 0x00, 0x00, 0x00, 0x00, 0x00, 0x00, 0x00, 0x00, 0x00, 0x00, 0x00, 0x00, 0x00, 0x00, 0x00, 0x00, 0x00, 0x00, 0x00, 0x93, 0x7c,
  0xfe, 0xc6, 0x7b, 0xb6, 0x7c, 0xb6, 0x7c, 0xb6, 0x7c, 0xb6, 0x7c, 0xb6, 0x7c, 0xb6, 0x5b, 0xb6, 0x5b, 0xae, 0x7c, 0xb6, 0xd9, 0xa5, 0xa3, 0x10,
  0x00, 0x00, 0x00, 0x00, 0x00, 0x00, 0x00, 0x00, 0x00, 0x00, 0x00, 0x00, 0x00, 0x00, 0x04, 0x19, 0x1b, 0xa6, 0x1a, 0xa6, 0xfa, 0xa5, 0xfa, 0xa5,
  0xfa, 0xa5, 0xfa, 0xa5, 0xfa, 0xa5, 0xda, 0x9d, 0x3b, 0xae, 0x29, 0x3a, 0x00, 0x00, 0x00, 0x00, 0x00, 0x00, 0x00, 0x00, 0x00, 0x00, 0x00, 0x00,
  0x00, 0x00, 0x00, 0x00, 0x00, 0x00, 0x00, 0x00, 0x00, 0x00, 0x00, 0x00, 0x00, 0x00, 0x00, 0x00, 0x00, 0x00, 0x10, 0x4b, 0x35, 0x6c, 0xf4, 0x63,
  0xf4, 0x63, 0xd4, 0x63, 0xd4, 0x63, 0xd4, 0x5b, 0xb4, 0x5b, 0xb3, 0x5b, 0xd5, 0x63, 0xae, 0x42, 0x00, 0x00, 0x00, 0x00, 0x00, 0x00, 0x00, 0x00,
  0x00, 0x00, 0x00, 0x00, 0x00, 0x00, 0x00, 0x00, 0x00, 0x00, 0x00, 0x00, 0x00, 0x00, 0x00, 0x00, 0x00, 0x00, 0x00, 0x00, 0x00, 0x00, 0x00, 0x00,
  0x00, 0x00, 0x00, 0x00, 0x00, 0x00, 0x00, 0x00, 0x00, 0x00, 0xa4, 0x10, 0xd2, 0x42, 0xb1, 0x3a, 0xb1, 0x3a, 0xb1, 0x3a, 0x90, 0x3a, 0x90, 0x32,
  0x90, 0x32, 0x70, 0x32, 0x70, 0x32, 0x91, 0x32, 0x07, 0x11, 0x00, 0x00, 0x00, 0x00, 0x00, 0x00, 0x00, 0x00, 0x00, 0x00, 0x00, 0x00, 0x00, 0x00,
  0x00, 0x00, 0x00, 0x00, 0x00, 0x00, 0x00, 0x00, 0x00, 0x00, 0x00, 0x00, 0x00, 0x00, 0x00, 0x00, 0x00, 0x00, 0x00, 0x00, 0x00, 0x00, 0x00, 0x00,
  0x00, 0x00, 0x00, 0x00, 0x00, 0x00, 0x00, 0x00, 0x00, 0x00, 0x00, 0x00, 0x00, 0x00, 0x00, 0x00, 0x00, 0x00, 0x00, 0x00, 0x00, 0x00, 0x00, 0x00,
  0x00, 0x00, 0x00, 0x00, 0x00, 0x00, 0x8e, 0x2a, 0x9a, 0x54, 0x38, 0x4c, 0x58, 0x54, 0x58, 0x54, 0x78, 0x54, 0x78, 0x54, 0x78, 0x54, 0xba, 0x5c,
  0xd4, 0x4b, 0x00, 0x00, 0x00, 0x00, 0x00, 0x00, 0x00, 0x00, 0x00, 0x00, 0x00, 0x00, 0x00, 0x00, 0x00, 0x00, 0x00, 0x00, 0x00, 0x00, 0x00, 0x00,
  0x00, 0x00, 0x00, 0x00, 0x00, 0x00, 0x00, 0x00, 0x00, 0x00, 0x00, 0x00, 0x00, 0x00, 0x00, 0x00, 0x00, 0x00, 0x00, 0x00, 0x00, 0x00, 0x00, 0x00,
  0x00, 0x00, 0x00, 0x00, 0x00, 0x00, 0x00, 0x00, 0x00, 0x00, 0x54, 0x64, 0x1c, 0x96, 0xbb, 0x8d, 0xdb, 0x8d, 0xdb, 0x8d, 0xdb, 0x8d, 0xdb, 0x95,
  0xdb, 0x8d, 0x3d, 0x9e, 0x13, 0x64, 0x00, 0x00, 0x00, 0x00, 0x00, 0x00, 0x00, 0x00, 0x00, 0x00, 0x00, 0x00, 0x00, 0x00, 0x00, 0x00, 0x00, 0x00,
  0x00, 0x00, 0x00, 0x00, 0x00, 0x00, 0x00, 0x00, 0x00, 0x00, 0x00, 0x00, 0x00, 0x00, 0x00, 0x00, 0x00, 0x00, 0x00, 0x00, 0x00, 0x00, 0x00, 0x00,
  0x00, 0x00, 0x00, 0x00, 0x00, 0x00, 0x00, 0x00, 0x00, 0x00, 0x00, 0x00, 0x00, 0x00, 0x00, 0x00, 0x00, 0x00, 0x00, 0x00, 0x00, 0x00, 0x00, 0x00,
  0x00, 0x00, 0x00, 0x00, 0x00, 0x00, 0x56, 0x8d, 0x3f, 0xc7, 0xdd, 0xbe, 0xfd, 0xbe, 0xfe, 0xc6, 0xfe, 0xc6, 0x1e, 0xc7, 0xfd, 0xc6, 0x7f, 0xcf,
  0x36, 0x95, 0x00, 0x00, 0x00, 0x00, 0x00, 0x00, 0x00, 0x00, 0x00, 0x00, 0x00, 0x00, 0x00, 0x00, 0x00, 0x00, 0x77, 0x9d, 0x7f, 0xd7, 0x1d, 0xc7,
  0x1e, 0xc7, 0x1e, 0xc7, 0x1d, 0xc7, 0x1d, 0xc7, 0xfd, 0xc6, 0x5f, 0xcf, 0x15, 0x8d, 0x00, 0x00, 0x00, 0x00, 0x00, 0x00, 0x00, 0x00, 0x00, 0x00,
  0x00, 0x00, 0x00, 0x00, 0x00, 0x00, 0x00, 0x00, 0x00, 0x00, 0x00, 0x00, 0x00, 0x00, 0x00, 0x00, 0x00, 0x00, 0x61, 0x08, 0xb8, 0x9d, 0xbd, 0xbe,
  0x7b, 0xb6, 0x7c, 0xb6, 0x7c, 0xb6, 0x7c, 0xb6, 0x7c, 0xb6, 0x5b, 0xb6, 0x5b, 0xae, 0x3b, 0xae, 0xbd, 0xbe, 0xd5, 0x84, 0x00, 0x00, 0x00, 0x00,
  0x00, 0x00, 0x00, 0x00, 0x00, 0x00, 0x00, 0x00, 0x00, 0x00, 0x04, 0x19, 0x1b, 0xa6, 0x1a, 0xa6, 0xfa, 0xa5, 0xfa, 0xa5, 0xfa, 0xa5, 0xfa, 0xa5,
  0xfa, 0xa5, 0xda, 0x9d, 0x3b, 0xae, 0x29, 0x3a, 0x00, 0x00, 0x00, 0x00, 0x00, 0x00, 0x00, 0x00, 0x00, 0x00, 0x00, 0x00, 0x00, 0x00, 0x00, 0x00,
  0x00, 0x00, 0x00, 0x00, 0x00, 0x00, 0x00, 0x00, 0x00, 0x00, 0x00, 0x00, 0xe4, 0x18, 0x35, 0x6c, 0xf4, 0x63, 0xf4, 0x63, 0xf4, 0x63, 0xd4, 0x63,
  0xd4, 0x63, 0xd4, 0x5b, 0xb4, 0x5b, 0xb3, 0x5b, 0xd5, 0x5b, 0x26, 0x19, 0x00, 0x00, 0x00, 0x00, 0x00, 0x00, 0x00, 0x00, 0x00, 0x00, 0x00, 0x00,
  0x00, 0x00, 0x00, 0x00, 0x00, 0x00, 0x00, 0x00, 0x00, 0x00, 0x00, 0x00, 0x00, 0x00, 0x00, 0x00, 0x00, 0x00, 0x00, 0x00, 0x00, 0x00, 0x00, 0x00,
  0x00, 0x00, 0x00, 0x00, 0x00, 0x00, 0x00, 0x00, 0x2d, 0x32, 0xd2, 0x3a, 0xb0, 0x3a, 0x91, 0x3a, 0x90, 0x3a, 0x90, 0x32, 0x90, 0x32, 0x70, 0x32,
  0x70, 0x32, 0x70, 0x32, 0x0e, 0x2a, 0x00, 0x00, 0x00, 0x00, 0x00, 0x00, 0x00, 0x00, 0x00, 0x00, 0x00, 0x00, 0x00, 0x00, 0x00, 0x00, 0x00, 0x00,
  0x00, 0x00, 0x00, 0x00, 0x00, 0x00, 0x00, 0x00, 0x00, 0x00, 0x00, 0x00, 0x00, 0x00, 0x00, 0x00, 0x00, 0x00, 0x00, 0x00, 0x00, 0x00, 0x00, 0x00,
  0x00, 0x00, 0x00, 0x00, 0x00, 0x00, 0x00, 0x00, 0x00, 0x00, 0x00, 0x00, 0x00, 0x00, 0x00, 0x00, 0x00, 0x00, 0x00, 0x00, 0x00, 0x00, 0x00, 0x00,
  0x00, 0x00, 0x8e, 0x2a, 0x9a, 0x54, 0x38, 0x4c, 0x58, 0x54, 0x78, 0x54, 0x78, 0x54, 0x78, 0x54, 0x78, 0x54, 0xba, 0x5c, 0xd4, 0x4b, 0x00, 0x00,
  0x00, 0x00, 0x00, 0x00, 0x00, 0x00, 0x00, 0x00, 0x00, 0x00, 0x00, 0x00, 0x00, 0x00, 0x00, 0x00, 0x00, 0x00, 0x00, 0x00, 0x00, 0x00, 0x00, 0x00,
  0x00, 0x00, 0x00, 0x00, 0x00, 0x00, 0x00, 0x00, 0x00, 0x00, 0x00, 0x00, 0x00, 0x00, 0x00, 0x00, 0x00, 0x00, 0x00, 0x00, 0x00, 0x00, 0x00, 0x00,
  0x00, 0x00, 0x00, 0x00, 0x00, 0x00, 0x34, 0x64, 0x1c, 0x96, 0xbb, 0x8d, 0xdb, 0x8d, 0xdb, 0x8d, 0xdb, 0x8d, 0xdb, 0x95, 0xdb, 0x8d, 0x3d, 0x9e,
  0x54, 0x6c, 0x00, 0x00, 0x00, 0x00, 0x00, 0x00, 0x00, 0x00, 0x00, 0x00, 0x00, 0x00, 0x00, 0x00, 0x00, 0x00, 0x00, 0x00, 0x00, 0x00, 0x00, 0x00,
  0x00, 0x00, 0x00, 0x00, 0x00, 0x00, 0x00, 0x00, 0x00, 0x00, 0x00, 0x00, 0x00, 0x00, 0x00, 0x00, 0x00, 0x00, 0x00, 0x00, 0x00, 0x00, 0x00, 0x00,
  0x00, 0x00, 0x00, 0x00, 0x00, 0x00, 0x00, 0x00, 0x00, 0x00, 0x00, 0x00, 0x00, 0x00, 0x00, 0x00, 0x00, 0x00, 0x00, 0x00, 0x00, 0x00, 0x00, 0x00,
  0x00, 0x00, 0x77, 0x95, 0x3f, 0xc7, 0xdd, 0xbe, 0xfd, 0xbe, 0xfe, 0xc6, 0xfe, 0xc6, 0x1e, 0xc7, 0xfd, 0xc6, 0x7f, 0xcf, 0x35, 0x8d, 0x00, 0x00,
  0x00, 0x00, 0x00, 0x00, 0x00, 0x00, 0x00, 0x00, 0x00, 0x00, 0x00, 0x00, 0x00, 0x00, 0x77, 0x9d, 0x7f, 0xd7, 0x1d, 0xc7, 0x1e, 0xc7, 0x1e, 0xc7,
  0x1e, 0xc7, 0x1d, 0xc7, 0xfd, 0xc6, 0x5f, 0xcf, 0x15, 0x8d, 0x00, 0x00, 0x00, 0x00, 0x00, 0x00, 0x00, 0x00, 0x00, 0x00, 0x00, 0x00, 0x00, 0x00,
  0x00, 0x00, 0x00, 0x00, 0x00, 0x00, 0x00, 0x00, 0x00, 0x00, 0x00, 0x00, 0x00, 0x00, 0x00, 0x00, 0x45, 0x21, 0x9c, 0xb6, 0x9c, 0xb6, 0x7c, 0xb6,
  0x7c, 0xb6, 0x7c, 0xb6, 0x7c, 0xb6, 0x5b, 0xb6, 0x5b, 0xae, 0x5b, 0xae, 0x3b, 0xae, 0xbd, 0xbe, 0x0d, 0x53, 0x00, 0x00, 0x00, 0x00, 0x00, 0x00,
  0x00, 0x00, 0x00, 0x00, 0x00, 0x00, 0x04, 0x19, 0x1a, 0xa6, 0x1a, 0xa6, 0xfa, 0xa5, 0xfa, 0xa5, 0xfa, 0xa5, 0xfa, 0xa5, 0xfa, 0xa5, 0xda, 0x9d,
  0x3b, 0xae, 0x29, 0x3a, 0x00, 0x00, 0x00, 0x00, 0x00, 0x00, 0x00, 0x00, 0x00, 0x00, 0x00, 0x00, 0x00, 0x00, 0x00, 0x00, 0x00, 0x00, 0x00, 0x00,
  0x00, 0x00, 0x00, 0x00, 0x00, 0x00, 0x00, 0x00, 0xae, 0x42, 0x56, 0x6c, 0xf4, 0x63, 0xf4, 0x63, 0xf4, 0x63, 0xd4, 0x63, 0xd4, 0x63, 0xd4, 0x5b,
  0xb4, 0x5b, 0xd4, 0x5b, 0x10, 0x4b, 0x00, 0x00, 0x00, 0x00, 0x00, 0x00, 0x00, 0x00, 0x00, 0x00, 0x00, 0x00, 0x00, 0x00, 0x00, 0x00, 0x00, 0x00,
  0x00, 0x00, 0x00, 0x00, 0x00, 0x00, 0x00, 0x00, 0x00, 0x00, 0x00, 0x00, 0x00, 0x00, 0x00, 0x00, 0x00, 0x00, 0x00, 0x00, 0x00, 0x00, 0x00, 0x00,
  0x00, 0x00, 0x00, 0x00, 0x06, 0x11, 0xf2, 0x42, 0xb0, 0x3a, 0xb1, 0x3a, 0x91, 0x3a, 0x90, 0x3a, 0x90, 0x32, 0x70, 0x32, 0x70, 0x32, 0x70, 0x32,
  0x91, 0x32, 0xc5, 0x10, 0x00, 0x00, 0x00, 0x00, 0x00, 0x00, 0x00, 0x00, 0x00, 0x00, 0x00, 0x00, 0x00, 0x00, 0x00, 0x00, 0x00, 0x00, 0x00, 0x00,
  0x00, 0x00, 0x00, 0x00, 0x00, 0x00, 0x00, 0x00, 0x00, 0x00, 0x00, 0x00, 0x00, 0x00, 0x00, 0x00, 0x00, 0x00, 0x00, 0x00, 0x00, 0x00, 0x00, 0x00,
  0x00, 0x00, 0x00, 0x00, 0x00, 0x00, 0x00, 0x00, 0x00, 0x00, 0x00, 0x00, 0x00, 0x00, 0x00, 0x00, 0x00, 0x00, 0x00, 0x00, 0x00, 0x00, 0x8e, 0x2a,
  0x9a, 0x54, 0x38, 0x4c, 0x58, 0x54, 0x78, 0x54, 0x78, 0x54, 0x78, 0x54, 0x78, 0x54, 0xb9, 0x5c, 0xd4, 0x4b, 0x00, 0x00, 0x00, 0x00, 0x00, 0x00,
  0x00, 0x00, 0x00, 0x00, 0x00, 0x00, 0x00, 0x00, 0x00, 0x00, 0x00, 0x00, 0x00, 0x00, 0x00, 0x00, 0x00, 0x00, 0x00, 0x00, 0x00, 0x00, 0x00, 0x00,
  0x00, 0x00, 0x00, 0x00, 0x00, 0x00, 0x00, 0x00, 0x00, 0x00, 0x00, 0x00, 0x00, 0x00, 0x00, 0x00, 0x00, 0x00, 0x00, 0x00, 0x00, 0x00, 0x00, 0x00,
  0x00, 0x00, 0xf3, 0x63, 0x1d, 0x96, 0xbb, 0x8d, 0xdb, 0x8d, 0xdb, 0x8d, 0xdb, 0x8d, 0xdb, 0x95, 0xdb, 0x95, 0x3d, 0x9e, 0x95, 0x74, 0x00, 0x00,
  0x00, 0x00, 0x00, 0x00, 0x00, 0x00, 0x00, 0x00, 0x00, 0x00, 0x00, 0x00, 0x00, 0x00, 0x00, 0x00, 0x00, 0x00, 0x00, 0x00, 0x00, 0x00, 0x00, 0x00,
  0x00, 0x00, 0x00, 0x00, 0x00, 0x00, 0x00, 0x00, 0x00, 0x00, 0x00, 0x00, 0x00, 0x00, 0x00, 0x00, 0x00, 0x00, 0x00, 0x00, 0x00, 0x00, 0x00, 0x00,
  0x00, 0x00, 0x00, 0x00, 0x00, 0x00, 0x00, 0x00, 0x00, 0x00, 0x00, 0x00, 0x00, 0x00, 0x00, 0x00, 0x00, 0x00, 0x00, 0x00, 0x00, 0x00, 0xb8, 0x9d,
  0x3e, 0xc7, 0xdd, 0xbe, 0xfd, 0xbe, 0xfd, 0xc6, 0xfe, 0xc6, 0x1e, 0xc7, 0xfd, 0xc6, 0x7f, 0xd7, 0xf5, 0x8c, 0x00, 0x00, 0x00, 0x00, 0x00, 0x00,
  0x00, 0x00, 0x00, 0x00, 0x00, 0x00, 0x00, 0x00, 0x00, 0x00, 0x77, 0x9d, 0x7f, 0xd7, 0x1d, 0xc7, 0x1e, 0xc7, 0x1e, 0xc7, 0x1d, 0xc7, 0x1d, 0xc7,
  0xfd, 0xc6, 0x5f, 0xcf, 0x15, 0x8d, 0x00, 0x00, 0x00, 0x00, 0x00, 0x00, 0x00, 0x00, 0x00, 0x00, 0x00, 0x00, 0x00, 0x00, 0x00, 0x00, 0x00, 0x00,
  0x00, 0x00, 0x00, 0x00, 0x00, 0x00, 0x00, 0x00, 0x00, 0x00, 0x00, 0x00, 0x00, 0x00, 0x8a, 0x42, 0xfe, 0xbe, 0x7b, 0xb6, 0x7c, 0xb6, 0x7c, 0xb6,
  0x7c, 0xb6, 0x5b, 0xb6, 0x5b, 0xae, 0x5b, 0xae, 0x5b, 0xae, 0x3b, 0xae, 0x5c, 0xb6, 0x45, 0x21, 0x00, 0x00, 0x00, 0x00, 0x00, 0x00, 0x00, 0x00,
  0x00, 0x00, 0xc3, 0x10, 0xfa, 0xa5, 0x1b, 0xa6, 0xfa, 0xa5, 0xfa, 0xa5, 0xfa, 0xa5, 0xfa, 0xa5, 0xfa, 0xa5, 0xda, 0x9d, 0x3b, 0xae, 0x29, 0x3a,
  0x00, 0x00, 0x00, 0x00, 0x00, 0x00, 0x00, 0x00, 0x00, 0x00, 0x00, 0x00, 0x00, 0x00, 0x00, 0x00, 0x00, 0x00, 0x00, 0x00, 0x00, 0x00, 0x00, 0x00,
  0x00, 0x00, 0x83, 0x08, 0xf4, 0x63, 0x15, 0x64, 0xf4, 0x63, 0xf4, 0x63, 0xf4, 0x63, 0xd4, 0x63, 0xd4, 0x63, 0xd4, 0x5b, 0xb3, 0x5b, 0xf5, 0x63,
  0x88, 0x21, 0x00, 0x00, 0x00, 0x00, 0x00, 0x00, 0x00, 0x00, 0x00, 0x00, 0x00, 0x00, 0x00, 0x00, 0x00, 0x00, 0x00, 0x00, 0x00, 0x00, 0x00, 0x00,
  0x00, 0x00, 0x00, 0x00, 0x00, 0x00, 0x00, 0x00, 0x00, 0x00, 0x00, 0x00, 0x00, 0x00, 0x00, 0x00, 0x00, 0x00, 0x00, 0x00, 0x00, 0x00, 0x00, 0x00,
  0x20, 0x00, 0x6f, 0x32, 0xb1, 0x3a, 0x90, 0x3a, 0x90, 0x3a, 0x90, 0x32, 0x90, 0x32, 0x70, 0x32, 0x70, 0x32, 0x50, 0x32, 0x71, 0x32, 0xcc, 0x21,
  0x00, 0x00, 0x00, 0x00, 0x00, 0x00, 0x00, 0x00, 0x00, 0x00, 0x00, 0x00, 0x00, 0x00, 0x00, 0x00, 0x00, 0x00, 0x00, 0x00, 0x00, 0x00, 0x00, 0x00,
  0x00, 0x00, 0x00, 0x00, 0x00, 0x00, 0x00, 0x00, 0x00, 0x00, 0x00, 0x00, 0x00, 0x00, 0x00, 0x00, 0x00, 0x00, 0x00, 0x00, 0x00, 0x00, 0x00, 0x00,
  0x00, 0x00, 0x00, 0x00, 0x00, 0x00, 0x00, 0x00, 0x00, 0x00, 0x00, 0x00, 0x00, 0x00, 0x00, 0x00, 0x00, 0x00, 0x8e, 0x2a, 0x9a, 0x54, 0x38, 0x4c,
  0x58, 0x54, 0x78, 0x54, 0x78, 0x54, 0x78, 0x54, 0x78, 0x54, 0xba, 0x5c, 0xd4, 0x4b, 0x00, 0x00, 0x00, 0x00, 0x00, 0x00, 0x00, 0x00, 0x00, 0x00,
  0x00, 0x00, 0x00, 0x00, 0x00, 0x00, 0x00, 0x00, 0x00, 0x00, 0x00, 0x00, 0x00, 0x00, 0x00, 0x00, 0x00, 0x00, 0x00, 0x00, 0x00, 0x00, 0x00, 0x00,
  0x00, 0x00, 0x00, 0x00, 0x00, 0x00, 0x00, 0x00, 0x00, 0x00, 0x00, 0x00, 0x00, 0x00, 0x00, 0x00, 0x00, 0x00, 0x00, 0x00, 0x00, 0x00, 0xb1, 0x5b,
  0x1d, 0x96, 0xbb, 0x8d, 0xdb, 0x8d, 0xdb, 0x8d, 0xdb, 0x8d, 0xdb, 0x95, 0xdb, 0x95, 0x1c, 0x9e, 0xf7, 0x7c, 0x00, 0x00, 0x00, 0x00, 0x00, 0x00,
  0x00, 0x00, 0x00, 0x00, 0x00, 0x00, 0x00, 0x00, 0x00, 0x00, 0x00, 0x00, 0x00, 0x00, 0x00, 0x00, 0x00, 0x00, 0x00, 0x00, 0x00, 0x00, 0x00, 0x00,
  0x00, 0x00, 0x00, 0x00, 0x00, 0x00, 0x00, 0x00, 0x00, 0x00, 0x00, 0x00, 0x00, 0x00, 0x00, 0x00, 0x00, 0x00, 0x00, 0x00, 0x00, 0x00, 0x00, 0x00,
  0x00, 0x00, 0x00, 0x00, 0x00, 0x00, 0x00, 0x00, 0x00, 0x00, 0x00, 0x00, 0x00, 0x00, 0x00, 0x00, 0x41, 0x08, 0x3a, 0xae, 0x1e, 0xc7, 0xfd, 0xbe,
  0xfd, 0xbe, 0xfe, 0xc6, 0xfe, 0xc6, 0x1e, 0xc7, 0xfd, 0xc6, 0x9f, 0xd7, 0x73, 0x7c, 0x00, 0x00, 0x00, 0x00, 0x00, 0x00, 0x00, 0x00, 0x00, 0x00,
  0x00, 0x00, 0x00, 0x00, 0x00, 0x00, 0x77, 0x9d, 0x7f, 0xd7, 0x1d, 0xc7, 0x1e, 0xc7, 0x1e, 0xc7, 0x1d, 0xc7, 0x1d, 0xc7, 0xfd, 0xc6, 0x5f, 0xcf,
  0x15, 0x8d, 0x00, 0x00, 0x00, 0x00, 0x00, 0x00, 0x00, 0x00, 0x00, 0x00, 0x00, 0x00, 0x00, 0x00, 0x00, 0x00, 0x00, 0x00, 0x00, 0x00, 0x00, 0x00,
  0x00, 0x00, 0x00, 0x00, 0x00, 0x00, 0x00, 0x00, 0x20, 0x00, 0x00, 0x00, 0xf1, 0x6b, 0xfe, 0xc6, 0x5b, 0xae, 0x7c, 0xb6, 0x5b, 0xb6, 0x5b, 0xb6,
  0x5b, 0xae, 0x5b, 0xae, 0x5b, 0xae, 0x3b, 0xae, 0x7c, 0xb6, 0x57, 0x95, 0x41, 0x00, 0x00, 0x00, 0x00, 0x00, 0x00, 0x00, 0x00, 0x00, 0xa2, 0x10,
  0xd9, 0x9d, 0x1b, 0xa6, 0xfa, 0xa5, 0xfa, 0xa5, 0xfa, 0xa5, 0xfa, 0xa5, 0xfa, 0xa5, 0xda, 0x9d, 0x3b, 0xae, 0x29, 0x3a, 0x00, 0x00, 0x00, 0x00,
  0x00, 0x00, 0x00, 0x00, 0x00, 0x00, 0x00, 0x00, 0x00, 0x00, 0x00, 0x00, 0x00, 0x00, 0x00, 0x00, 0x00, 0x00, 0x00, 0x00, 0x00, 0x00, 0x4b, 0x3a,
  0x56, 0x6c, 0xf4, 0x63, 0xf4, 0x63, 0xf4, 0x63, 0xf4, 0x63, 0xd4, 0x63, 0xd4, 0x63, 0xd4, 0x5b, 0xd4, 0x5b, 0x72, 0x53, 0x21, 0x00, 0x00, 0x00,
  0x00, 0x00, 0x00, 0x00, 0x00, 0x00, 0x00, 0x00, 0x00, 0x00, 0x00, 0x00, 0x00, 0x00, 0x00, 0x00, 0x00, 0x00, 0x00, 0x00, 0x00, 0x00, 0x00, 0x00,
  0x00, 0x00, 0x00, 0x00, 0x00, 0x00, 0x00, 0x00, 0x00, 0x00, 0x00, 0x00, 0x00, 0x00, 0x00, 0x00, 0x00, 0x00, 0x00, 0x00, 0x00, 0x00, 0x48, 0x19,
  0xd2, 0x3a, 0x90, 0x3a, 0x90, 0x3a, 0x90, 0x3a, 0x90, 0x32, 0x70, 0x32, 0x70, 0x32, 0x70, 0x32, 0x50, 0x32, 0x70, 0x32, 0x84, 0x08, 0x00, 0x00,
  0x00, 0x00, 0x00, 0x00, 0x00, 0x00, 0x00, 0x00, 0x00, 0x00, 0x00, 0x00, 0x00, 0x00, 0x00, 0x00, 0x00, 0x00, 0x00, 0x00, 0x00, 0x00, 0x00, 0x00,
  0x00, 0x00, 0x00, 0x00, 0x00, 0x00, 0x00, 0x00, 0x00, 0x00, 0x00, 0x00, 0x00, 0x00, 0x00, 0x00, 0x00, 0x00, 0x00, 0x00, 0x00, 0x00, 0x00, 0x00,
  0x00, 0x00, 0x00, 0x00, 0x00, 0x00, 0x00, 0x00, 0x00, 0x00, 0x00, 0x00, 0x00, 0x00, 0x8e, 0x2a, 0x9a, 0x54, 0x38, 0x4c, 0x58, 0x54, 0x78, 0x54,
  0x78, 0x54, 0x78, 0x54, 0x78, 0x54, 0xba, 0x5c, 0xd4, 0x4b, 0x00, 0x00, 0x00, 0x00, 0x00, 0x00, 0x00, 0x00, 0x00, 0x00, 0x00, 0x00, 0x00, 0x00,
  0x00, 0x00, 0x00, 0x00, 0x00, 0x00, 0x00, 0x00, 0x00, 0x00, 0x00, 0x00, 0x00, 0x00, 0x00, 0x00, 0x00, 0x00, 0x00, 0x00, 0x00, 0x00, 0x00, 0x00,
  0x00, 0x00, 0x00, 0x00, 0x00, 0x00, 0x00, 0x00, 0x00, 0x00, 0x00, 0x00, 0x00, 0x00, 0x00, 0x00, 0x00, 0x00, 0x0f, 0x4b, 0x1d, 0x96, 0xbb, 0x8d,
  0xdb, 0x8d, 0xdb, 0x8d, 0xdb, 0x8d, 0xdb, 0x95, 0xdb, 0x95, 0xfc, 0x95, 0x9a, 0x8d, 0x62, 0x08, 0x00, 0x00, 0x00, 0x00, 0x00, 0x00, 0x00, 0x00,
  0x00, 0x00, 0x00, 0x00, 0x00, 0x00, 0x00, 0x00, 0x00, 0x00, 0x00, 0x00, 0x00, 0x00, 0x00, 0x00, 0x00, 0x00, 0x00, 0x00, 0x00, 0x00, 0x00, 0x00,
  0x00, 0x00, 0x00, 0x00, 0x00, 0x00, 0x00, 0x00, 0x00, 0x00, 0x00, 0x00, 0x00, 0x00, 0x00, 0x00, 0x00, 0x00, 0x00, 0x00, 0x00, 0x00, 0x00, 0x00,
  0x00, 0x00, 0x00, 0x00, 0x00, 0x00, 0x00, 0x00, 0x00, 0x00, 0x00, 0x00, 0xc3, 0x10, 0xbc, 0xb6, 0xfe, 0xbe, 0xfd, 0xbe, 0xfd, 0xbe, 0xfe, 0xc6,
  0xfe, 0xc6, 0x1e, 0xc7, 0xfd, 0xc6, 0x9f, 0xd7, 0xd0, 0x6b, 0x00, 0x00, 0x20, 0x00, 0x00, 0x00, 0x00, 0x00, 0x00, 0x00, 0x00, 0x00, 0x00, 0x00,
  0x00, 0x00, 0x77, 0x9d, 0x7f, 0xd7, 0x1d, 0xc7, 0x1e, 0xc7, 0x1e, 0xc7, 0x1d, 0xc7, 0x1d, 0xc7, 0xfd, 0xc6, 0x5f, 0xcf, 0x15, 0x8d, 0x00, 0x00,
  0x00, 0x00, 0x00, 0x00, 0x00, 0x00, 0x00, 0x00, 0x00, 0x00, 0x00, 0x00, 0x00, 0x00, 0x00, 0x00, 0x00, 0x00, 0x00, 0x00, 0x00, 0x00, 0x00, 0x00,
  0x00, 0x00, 0x00, 0x00, 0x00, 0x00, 0x00, 0x00, 0x20, 0x00, 0x36, 0x8d, 0xdd, 0xbe, 0x5b, 0xae, 0x7c, 0xb6, 0x5b, 0xb6, 0x5b, 0xb6, 0x5b, 0xae,
  0x5b, 0xae, 0x5b, 0xae, 0x1b, 0xae, 0xbd, 0xbe, 0x90, 0x63, 0x00, 0x00, 0x00, 0x00, 0x00, 0x00, 0x00, 0x00, 0x62, 0x08, 0xb9, 0x9d, 0x1b, 0xae,
  0xfa, 0xa5, 0xfa, 0xa5, 0xfa, 0xa5, 0xfa, 0xa5, 0xfa, 0xa5, 0xda, 0x9d, 0x3b, 0xae, 0x29, 0x3a, 0x00, 0x00, 0x00, 0x00, 0x00, 0x00, 0x00, 0x00,
  0x00, 0x00, 0x00, 0x00, 0x00, 0x00, 0x00, 0x00, 0x00, 0x00, 0x00, 0x00, 0x00, 0x00, 0x00, 0x00, 0x41, 0x08, 0xd3, 0x5b, 0x15, 0x64, 0xf4, 0x63,
  0xf4, 0x63, 0xf4, 0x63, 0xf4, 0x63, 0xd4, 0x63, 0xd4, 0x63, 0xb4, 0x5b, 0x15, 0x64, 0xea, 0x31, 0x00, 0x00, 0x00, 0x00, 0x00, 0x00, 0x00, 0x00,
  0x00, 0x00, 0x00, 0x00, 0x00, 0x00, 0x00, 0x00, 0x00, 0x00, 0x00, 0x00, 0x00, 0x00, 0x00, 0x00, 0x00, 0x00, 0x00, 0x00, 0x00, 0x00, 0x00, 0x00,
  0x00, 0x00, 0x00, 0x00, 0x00, 0x00, 0x00, 0x00, 0x00, 0x00, 0x00, 0x00, 0x00, 0x00, 0x00, 0x00, 0x00, 0x00, 0x41, 0x00, 0x90, 0x3a, 0xb1, 0x3a,
  0x90, 0x3a, 0x90, 0x3a, 0x90, 0x32, 0x70, 0x32, 0x70, 0x32, 0x70, 0x32, 0x50, 0x32, 0x71, 0x32, 0x8b, 0x21, 0x00, 0x00, 0x00, 0x00, 0x00, 0x00,
  0x00, 0x00, 0x00, 0x00, 0x00, 0x00, 0x00, 0x00, 0x00, 0x00, 0x00, 0x00, 0x00, 0x00, 0x00, 0x00, 0x00, 0x00, 0x00, 0x00, 0x00, 0x00, 0x00, 0x00,
  0x00, 0x00, 0x00, 0x00, 0x00, 0x00, 0x00, 0x00, 0x00, 0x00, 0x00, 0x00, 0x00, 0x00, 0x00, 0x00, 0x00, 0x00, 0x00, 0x00, 0x00, 0x00, 0x00, 0x00,
  0x00, 0x00, 0x00, 0x00, 0x00, 0x00, 0x00, 0x00, 0x00, 0x00, 0x8e, 0x2a, 0x9a, 0x54, 0x38, 0x4c, 0x58, 0x54, 0x78, 0x54, 0x78, 0x54, 0x78, 0x54,
  0x78, 0x54, 0xba, 0x5c, 0xd4, 0x4b, 0x00, 0x00, 0x00, 0x00, 0x00, 0x00, 0x00, 0x00, 0x00, 0x00, 0x00, 0x00, 0x00, 0x00, 0x00, 0x00, 0x00, 0x00,
  0x00, 0x00, 0x00, 0x00, 0x00, 0x00, 0x00, 0x00, 0x00, 0x00, 0x00, 0x00, 0x00, 0x00, 0x00, 0x00, 0x00, 0x00, 0x00, 0x00, 0x00, 0x00, 0x00, 0x00,
  0x00, 0x00, 0x00, 0x00, 0x00, 0x00, 0x00, 0x00, 0x00, 0x00, 0x00, 0x00, 0x00, 0x00, 0x6b, 0x3a, 0x1d, 0x96, 0xbb, 0x8d, 0xdb, 0x8d, 0xdb, 0x8d,
  0xdb, 0x8d, 0xdb, 0x95, 0xdb, 0x95, 0xfb, 0x95, 0x1c, 0x96, 0x25, 0x19, 0x00, 0x00, 0x00, 0x00, 0x00, 0x00, 0x00, 0x00, 0x00, 0x00, 0x00, 0x00,
  0x00, 0x00, 0x00, 0x00, 0x00, 0x00, 0x00, 0x00, 0x00, 0x00, 0x00, 0x00, 0x00, 0x00, 0x00, 0x00, 0x00, 0x00, 0x00, 0x00, 0x00, 0x00, 0x00, 0x00,
  0x00, 0x00, 0x00, 0x00, 0x00, 0x00, 0x00, 0x00, 0x00, 0x00, 0x00, 0x00, 0x00, 0x00, 0x00, 0x00, 0x00, 0x00, 0x00, 0x00, 0x00, 0x00, 0x00, 0x00,
  0x00, 0x00, 0x00, 0x00, 0x00, 0x00, 0x00, 0x00, 0xc7, 0x31, 0x1e, 0xc7, 0xdd, 0xbe, 0xfd, 0xbe, 0xfd, 0xbe, 0xfe, 0xc6, 0xfe, 0xc6, 0x1e, 0xc7,
  0xfd, 0xc6, 0x9f, 0xd7, 0xec, 0x52, 0x00, 0x00, 0x20, 0x00, 0x00, 0x00, 0x00, 0x00, 0x00, 0x00, 0x00, 0x00, 0x00, 0x00, 0x00, 0x00, 0x77, 0x9d,
  0x7f, 0xd7, 0x1d, 0xc7, 0x1e, 0xc7, 0x1e, 0xc7, 0x1e, 0xc7, 0x1d, 0xc7, 0xfd, 0xc6, 0x5f, 0xcf, 0x15, 0x8d, 0x00, 0x00, 0x00, 0x00, 0x00, 0x00,
  0x00, 0x00, 0x00, 0x00, 0x00, 0x00, 0x00, 0x00, 0x00, 0x00, 0x00, 0x00, 0x00, 0x00, 0x00, 0x00, 0x00, 0x00, 0x00, 0x00, 0x00, 0x00, 0x00, 0x00,
  0x00, 0x00, 0x00, 0x00, 0x00, 0x00, 0xc3, 0x10, 0x1a, 0xae, 0x9c, 0xb6, 0x5b, 0xae, 0x5b, 0xb6, 0x5b, 0xae, 0x5b, 0xae, 0x5b, 0xae, 0x5b, 0xae,
  0x3b, 0xae, 0x3b, 0xae, 0x7c, 0xb6, 0xc8, 0x31, 0x00, 0x00, 0x00, 0x00, 0x00, 0x00, 0x41, 0x08, 0x98, 0x9d, 0x3b, 0xae, 0xfa, 0xa5, 0xfa, 0xa5,
  0xfa, 0xa5, 0xfa, 0xa5, 0xfa, 0xa5, 0xda, 0x9d, 0x3b, 0xae, 0x29, 0x3a, 0x00, 0x00, 0x00, 0x00, 0x00, 0x00, 0x00, 0x00, 0x00, 0x00, 0x00, 0x00,
  0x00, 0x00, 0x00, 0x00, 0x00, 0x00, 0x00, 0x00, 0x00, 0x00, 0x00, 0x00, 0xc9, 0x31, 0x56, 0x6c, 0xf4, 0x63, 0x15, 0x64, 0xf4, 0x63, 0xf4, 0x63,
  0xf4, 0x63, 0xd4, 0x63, 0xd4, 0x63, 0xd4, 0x5b, 0xb3, 0x5b, 0x62, 0x08, 0x00, 0x00, 0x00, 0x00, 0x00, 0x00, 0x00, 0x00, 0x00, 0x00, 0x00, 0x00,
  0x00, 0x00, 0x00, 0x00, 0x00, 0x00, 0x00, 0x00, 0x00, 0x00, 0x00, 0x00, 0x00, 0x00, 0x00, 0x00, 0x00, 0x00, 0x00, 0x00, 0x00, 0x00, 0x00, 0x00,
  0x00, 0x00, 0x00, 0x00, 0x00, 0x00, 0x00, 0x00, 0x00, 0x00, 0x00, 0x00, 0x00, 0x00, 0x00, 0x00, 0x8a, 0x21, 0xd2, 0x3a, 0x90, 0x3a, 0x90, 0x3a,
  0x90, 0x32, 0x70, 0x32, 0x70, 0x32, 0x70, 0x32, 0x50, 0x32, 0x50, 0x32, 0x50, 0x2a, 0x62, 0x08, 0x00, 0x00, 0x00, 0x00, 0x00, 0x00, 0x00, 0x00,
  0x00, 0x00, 0x00, 0x00, 0x00, 0x00, 0x00, 0x00, 0x00, 0x00, 0x00, 0x00, 0x00, 0x00, 0x00, 0x00, 0x00, 0x00, 0x00, 0x00, 0x00, 0x00, 0x00, 0x00,
  0x00, 0x00, 0x00, 0x00, 0x00, 0x00, 0x00, 0x00, 0x00, 0x00, 0x00, 0x00, 0x00, 0x00, 0x00, 0x00, 0x00, 0x00, 0x00, 0x00, 0x00, 0x00, 0x00, 0x00,
  0x00, 0x00, 0x00, 0x00, 0x00, 0x00, 0x8e, 0x2a, 0x9a, 0x54, 0x38, 0x4c, 0x58, 0x54, 0x78, 0x54, 0x78, 0x54, 0x78, 0x54, 0x78, 0x54, 0xba, 0x5c,
  0xd4, 0x4b, 0x00, 0x00, 0x00, 0x00, 0x00, 0x00, 0x00, 0x00, 0x00, 0x00, 0x00, 0x00, 0x00, 0x00, 0x00, 0x00, 0x00, 0x00, 0x00, 0x00, 0x00, 0x00,
  0x00, 0x00, 0x00, 0x00, 0x00, 0x00, 0x00, 0x00, 0x00, 0x00, 0x00, 0x00, 0x00, 0x00, 0x00, 0x00, 0x00, 0x00, 0x00, 0x00, 0x00, 0x00, 0x00, 0x00,
  0x00, 0x00, 0x00, 0x00, 0x00, 0x00, 0x00, 0x00, 0x00, 0x00, 0x87, 0x21, 0xfc, 0x95, 0xbb, 0x8d, 0xdb, 0x8d, 0xdb, 0x8d, 0xdb, 0x8d, 0xdb, 0x95,
  0xdb, 0x95, 0xdb, 0x95, 0x5d, 0x9e, 0x6b, 0x3a, 0x00, 0x00, 0x00, 0x00, 0x00, 0x00, 0x00, 0x00, 0x00, 0x00, 0x00, 0x00, 0x00, 0x00, 0x00, 0x00,
  0x00, 0x00, 0x00, 0x00, 0x00, 0x00, 0x00, 0x00, 0x00, 0x00, 0x00, 0x00, 0x00, 0x00, 0x00, 0x00, 0x00, 0x00, 0x00, 0x00, 0x00, 0x00, 0x00, 0x00,
  0x00, 0x00, 0x00, 0x00, 0x00, 0x00, 0x00, 0x00, 0x00, 0x00, 0x00, 0x00, 0x00, 0x00, 0x00, 0x00, 0x00, 0x00, 0x00, 0x00, 0x00, 0x00, 0x00, 0x00,
  0x00, 0x00, 0x00, 0x00, 0x4e, 0x5b, 0x5f, 0xcf, 0xdd, 0xbe, 0xfd, 0xbe, 0xfd, 0xbe, 0xfe, 0xc6, 0xfe, 0xc6, 0x1e, 0xc7, 0xfd, 0xc6, 0x5f, 0xcf,
  0xe8, 0x31, 0x00, 0x00, 0x00, 0x00, 0x00, 0x00, 0x00, 0x00, 0x00, 0x00, 0x00, 0x00, 0x00, 0x00, 0x00, 0x00, 0x77, 0x9d, 0x7f, 0xd7, 0x1d, 0xc7,
  0x1e, 0xc7, 0x1e, 0xc7, 0x1d, 0xc7, 0x1d, 0xc7, 0xfd, 0xc6, 0x5f, 0xcf, 0x15, 0x8d, 0x00, 0x00, 0x00, 0x00, 0x00, 0x00, 0x00, 0x00, 0x00, 0x00,
  0x00, 0x00, 0x00, 0x00, 0x00, 0x00, 0x00, 0x00, 0x00, 0x00, 0x00, 0x00, 0x00, 0x00, 0x00, 0x00, 0x00, 0x00, 0x00, 0x00, 0x00, 0x00, 0x00, 0x00,
  0x00, 0x00, 0x00, 0x00, 0xe8, 0x31, 0xbd, 0xbe, 0x5b, 0xb6, 0x5b, 0xb6, 0x5b, 0xae, 0x5b, 0xae, 0x5b, 0xae, 0x5b, 0xae, 0x3b, 0xae, 0x3b, 0xae,
  0x5c, 0xae, 0xb9, 0x9d, 0x82, 0x08, 0x00, 0x00, 0x00, 0x00, 0x20, 0x00, 0x57, 0x95, 0x3b, 0xae, 0xfa, 0xa5, 0xfa, 0xa5, 0xfa, 0xa5, 0xfa, 0xa5,
  0xfa, 0xa5, 0xda, 0x9d, 0x3b, 0xae, 0x29, 0x3a, 0x00, 0x00, 0x00, 0x00, 0x00, 0x00, 0x00, 0x00, 0x00, 0x00, 0x00, 0x00, 0x00, 0x00, 0x00, 0x00,
  0x00, 0x00, 0x00, 0x00, 0x00, 0x00, 0x20, 0x00, 0x72, 0x5b, 0x35, 0x6c, 0xf4, 0x63, 0x15, 0x64, 0xf4, 0x63, 0xf4, 0x63, 0xf4, 0x63, 0xd4, 0x63,
  0xd4, 0x5b, 0x15, 0x64, 0x6c, 0x3a, 0x00, 0x00, 0x00, 0x00, 0x00, 0x00, 0x00, 0x00, 0x00, 0x00, 0x00, 0x00, 0x00, 0x00, 0x00, 0x00, 0x00, 0x00,
  0x00, 0x00, 0x00, 0x00, 0x00, 0x00, 0x00, 0x00, 0x00, 0x00, 0x00, 0x00, 0x00, 0x00, 0x00, 0x00, 0x00, 0x00, 0x00, 0x00, 0x00, 0x00, 0x00, 0x00,
  0x00, 0x00, 0x00, 0x00, 0x00, 0x00, 0x00, 0x00, 0x00, 0x00, 0x00, 0x00, 0x62, 0x08, 0xb1, 0x3a, 0x91, 0x3a, 0x90, 0x32, 0x90, 0x32, 0x70, 0x32,
  0x70, 0x32, 0x70, 0x32, 0x50, 0x32, 0x4f, 0x2a, 0x71, 0x32, 0x49, 0x19, 0x00, 0x00, 0x00, 0x00, 0x00, 0x00, 0x00, 0x00, 0x00, 0x00, 0x00, 0x00,
  0x00, 0x00, 0x00, 0x00, 0x00, 0x00, 0x00, 0x00, 0x00, 0x00, 0x00, 0x00, 0x00, 0x00, 0x00, 0x00, 0x00, 0x00, 0x00, 0x00, 0x00, 0x00, 0x00, 0x00,
  0x00, 0x00, 0x00, 0x00, 0x00, 0x00, 0x00, 0x00, 0x00, 0x00, 0x00, 0x00, 0x00, 0x00, 0x00, 0x00, 0x00, 0x00, 0x00, 0x00, 0x00, 0x00, 0x00, 0x00,
  0x00, 0x00, 0x8e, 0x2a, 0x9a, 0x54, 0x38, 0x4c, 0x58, 0x54, 0x78, 0x54, 0x78, 0x54, 0x78, 0x54, 0x78, 0x54, 0xba, 0x5c, 0xd4, 0x4b, 0x00, 0x00,
  0x00, 0x00, 0x00, 0x00, 0x00, 0x00, 0x00, 0x00, 0x00, 0x00, 0x00, 0x00, 0x00, 0x00, 0x00, 0x00, 0x00, 0x00, 0x00, 0x00, 0x00, 0x00, 0x00, 0x00,
  0x00, 0x00, 0x00, 0x00, 0x00, 0x00, 0x00, 0x00, 0x00, 0x00, 0x00, 0x00, 0x00, 0x00, 0x00, 0x00, 0x00, 0x00, 0x00, 0x00, 0x00, 0x00, 0x00, 0x00,
  0x00, 0x00, 0x00, 0x00, 0x00, 0x00, 0x83, 0x08, 0x7a, 0x85, 0xdb, 0x8d, 0xbb, 0x8d, 0xdb, 0x8d, 0xdb, 0x8d, 0xdb, 0x95, 0xdb, 0x95, 0xdb, 0x95,
  0x5d, 0x9e, 0x13, 0x64, 0x00, 0x00, 0x00, 0x00, 0x00, 0x00, 0x00, 0x00, 0x00, 0x00, 0x00, 0x00, 0x00, 0x00, 0x00, 0x00, 0x00, 0x00, 0x00, 0x00,
  0x00, 0x00, 0x00, 0x00, 0x00, 0x00, 0x00, 0x00, 0x00, 0x00, 0x00, 0x00, 0x00, 0x00, 0x00, 0x00, 0x00, 0x00, 0x00, 0x00, 0x00, 0x00, 0x00, 0x00,
  0x00, 0x00, 0x00, 0x00, 0x00, 0x00, 0x00, 0x00, 0x00, 0x00, 0x00, 0x00, 0x00, 0x00, 0x00, 0x00, 0x00, 0x00, 0x00, 0x00, 0x00, 0x00, 0x00, 0x00,
  0x15, 0x8d, 0x3f, 0xc7, 0xdd, 0xbe, 0xfd, 0xbe, 0xfd, 0xbe, 0xfe, 0xc6, 0xfe, 0xc6, 0xfd, 0xc6, 0x1e, 0xc7, 0xdc, 0xbe, 0xc3, 0x10, 0x00, 0x00,
  0x00, 0x00, 0x00, 0x00, 0x00, 0x00, 0x00, 0x00, 0x00, 0x00, 0x00, 0x00, 0x00, 0x00, 0x77, 0x9d, 0x7f, 0xd7, 0x1d, 0xc7, 0x1e, 0xc7, 0x1e, 0xc7,
  0x1d, 0xc7, 0x1d, 0xc7, 0xfd, 0xc6, 0x5f, 0xcf, 0x15, 0x8d, 0x00, 0x00, 0x00, 0x00, 0x00, 0x00, 0x00, 0x00, 0x00, 0x00, 0x00, 0x00, 0x00, 0x00,
  0x00, 0x00, 0x00, 0x00, 0x00, 0x00, 0x00, 0x00, 0x00, 0x00, 0x00, 0x00, 0x00, 0x00, 0x00, 0x00, 0x00, 0x00, 0x00, 0x00, 0x00, 0x00, 0x00, 0x00,
  0x00, 0x00, 0x2e, 0x5b, 0xde, 0xbe, 0x3b, 0xae, 0x5b, 0xae, 0x5b, 0xae, 0x5b, 0xae, 0x5b, 0xae, 0x3b, 0xae, 0x3b, 0xae, 0x1a, 0xae, 0x9d, 0xb6,
  0x32, 0x74, 0x00, 0x00, 0x00, 0x00, 0x00, 0x00, 0x16, 0x8d, 0x3b, 0xae, 0xfa, 0xa5, 0xfa, 0xa5, 0xfa, 0xa5, 0xfa, 0xa5, 0xfa, 0xa5, 0xda, 0x9d,
  0x3b, 0xae, 0x29, 0x3a, 0x00, 0x00, 0x00, 0x00, 0x00, 0x00, 0x00, 0x00, 0x00, 0x00, 0x00, 0x00, 0x00, 0x00, 0x00, 0x00, 0x00, 0x00, 0x00, 0x00,
  0x00, 0x00, 0x67, 0x21, 0x56, 0x6c, 0xf4, 0x63, 0x15, 0x64, 0x15, 0x64, 0xf4, 0x63, 0xf4, 0x63, 0xf4, 0x63, 0xd4, 0x63, 0xd4, 0x63, 0xd4, 0x63,
  0xc4, 0x10, 0x00, 0x00, 0x00, 0x00, 0x00, 0x00, 0x00, 0x00, 0x00, 0x00, 0x00, 0x00, 0x00, 0x00, 0x00, 0x00, 0x00, 0x00, 0x00, 0x00, 0x00, 0x00,
  0x00, 0x00, 0x00, 0x00, 0x00, 0x00, 0x00, 0x00, 0x00, 0x00, 0x00, 0x00, 0x00, 0x00, 0x00, 0x00, 0x00, 0x00, 0x00, 0x00, 0x00, 0x00, 0x00, 0x00,
  0x00, 0x00, 0x00, 0x00, 0x00, 0x00, 0x00, 0x00, 0x00, 0x00, 0xcb, 0x29, 0xd1, 0x3a, 0x90, 0x32, 0x90, 0x32, 0x70, 0x32, 0x70, 0x32, 0x70, 0x32,
  0x50, 0x32, 0x50, 0x32, 0x50, 0x32, 0x2f, 0x2a, 0x21, 0x00, 0x00, 0x00, 0x00, 0x00, 0x00, 0x00, 0x00, 0x00, 0x00, 0x00, 0x00, 0x00, 0x00, 0x00,
  0x00, 0x00, 0x00, 0x00, 0x00, 0x00, 0x00, 0x00, 0x00, 0x00, 0x00, 0x00, 0x00, 0x00, 0x00, 0x00, 0x00, 0x00, 0x00, 0x00, 0x00, 0x00, 0x00, 0x00,
  0x00, 0x00, 0x00, 0x00, 0x00, 0x00, 0x00, 0x00, 0x00, 0x00, 0x00, 0x00, 0x00, 0x00, 0x00, 0x00, 0x00, 0x00, 0x00, 0x00, 0x00, 0x00, 0x8e, 0x2a,
  0x9a, 0x54, 0x38, 0x4c, 0x58, 0x54, 0x78, 0x54, 0x78, 0x54, 0x78, 0x54, 0x78, 0x54, 0xba, 0x5c, 0xd4, 0x4b, 0x00, 0x00, 0x00, 0x00, 0x00, 0x00,
  0x00, 0x00, 0x00, 0x00, 0x00, 0x00, 0x00, 0x00, 0x00, 0x00, 0x00, 0x00, 0x00, 0x00, 0x00, 0x00, 0x00, 0x00, 0x00, 0x00, 0x00, 0x00, 0x00, 0x00,
  0x00, 0x00, 0x00, 0x00, 0x00, 0x00, 0x00, 0x00, 0x00, 0x00, 0x00, 0x00, 0x00, 0x00, 0x00, 0x00, 0x00, 0x00, 0x00, 0x00, 0x00, 0x00, 0x00, 0x00,
  0x00, 0x00, 0x00, 0x00, 0x96, 0x74, 0xfc, 0x95, 0xbb, 0x8d, 0xdb, 0x8d, 0xdb, 0x8d, 0xdb, 0x95, 0xdb, 0x95, 0xdb, 0x95, 0xfc, 0x95, 0xba, 0x8d,
  0x82, 0x08, 0x00, 0x00, 0x00, 0x00, 0x00, 0x00, 0x00, 0x00, 0x00, 0x00, 0x00, 0x00, 0x00, 0x00, 0x00, 0x00, 0x00, 0x00, 0x00, 0x00, 0x00, 0x00,
  0x00, 0x00, 0x00, 0x00, 0x00, 0x00, 0x00, 0x00, 0x00, 0x00, 0x00, 0x00, 0x00, 0x00, 0x00, 0x00, 0x00, 0x00, 0x00, 0x00, 0x00, 0x00, 0x00, 0x00,
  0x00, 0x00, 0x00, 0x00, 0x00, 0x00, 0x00, 0x00, 0x00, 0x00, 0x00, 0x00, 0x00, 0x00, 0x00, 0x00, 0x00, 0x00, 0xe3, 0x18, 0xbd, 0xb6, 0xfe, 0xbe,
  0xdd, 0xbe, 0xfd, 0xbe, 0xfd, 0xbe, 0xfe, 0xc6, 0xfe, 0xc6, 0xfd, 0xc6, 0x5f, 0xcf, 0xb8, 0x9d, 0x00, 0x00, 0x00, 0x00, 0x00, 0x00, 0x00, 0x00,
  0x00, 0x00, 0x00, 0x00, 0x00, 0x00, 0x00, 0x00, 0x00, 0x00, 0x77, 0x9d, 0x7f, 0xd7, 0x1d, 0xc7, 0x1e, 0xc7, 0x1e, 0xc7, 0x1d, 0xc7, 0x1d, 0xc7,
  0xfd, 0xc6, 0x5f, 0xcf, 0x15, 0x8d, 0x00, 0x00, 0x00, 0x00, 0x00, 0x00, 0x00, 0x00, 0x00, 0x00, 0x00, 0x00, 0x00, 0x00, 0x00, 0x00, 0x00, 0x00,
  0x00, 0x00, 0x00, 0x00, 0x00, 0x00, 0x00, 0x00, 0x00, 0x00, 0x00, 0x00, 0x00, 0x00, 0x00, 0x00, 0x00, 0x00, 0x00, 0x00, 0x00, 0x00, 0x00, 0x00,
  0x93, 0x7c, 0xdd, 0xbe, 0x3b, 0xae, 0x5b, 0xae, 0x5b, 0xae, 0x5b, 0xae, 0x3b, 0xae, 0x3b, 0xae, 0x3b, 0xae, 0x1a, 0xa6, 0x9d, 0xb6, 0x4a, 0x42,
  0x00, 0x00, 0x00, 0x00, 0xf5, 0x84, 0x3b, 0xae, 0xfa, 0xa5, 0xfa, 0xa5, 0xfa, 0xa5, 0xfa, 0xa5, 0xfa, 0xa5, 0xda, 0x9d, 0x3b, 0xae, 0x29, 0x3a,
  0x00, 0x00, 0x00, 0x00, 0x00, 0x00, 0x00, 0x00, 0x00, 0x00, 0x00, 0x00, 0x00, 0x00, 0x00, 0x00, 0x00, 0x00, 0x00, 0x00, 0x00, 0x00, 0x30, 0x53,
  0x35, 0x6c, 0xf4, 0x63, 0x15, 0x64, 0x15, 0x64, 0xf4, 0x63, 0xf4, 0x63, 0xf4, 0x63, 0xd4, 0x63, 0x15, 0x64, 0xcf, 0x42, 0x00, 0x00, 0x00, 0x00,
  0x00, 0x00, 0x00, 0x00, 0x00, 0x00, 0x00, 0x00, 0x00, 0x00, 0x00, 0x00, 0x00, 0x00, 0x00, 0x00, 0x00, 0x00, 0x00, 0x00, 0x00, 0x00, 0x00, 0x00,
  0x00, 0x00, 0x00, 0x00, 0x00, 0x00, 0x00, 0x00, 0x00, 0x00, 0x00, 0x00, 0x00, 0x00, 0x00, 0x00, 0x00, 0x00, 0x00, 0x00, 0x00, 0x00, 0x00, 0x00,
  0x00, 0x00, 0x00, 0x00, 0x00, 0x00, 0xa4, 0x08, 0xb1, 0x3a, 0x90, 0x32, 0x90, 0x32, 0x70, 0x32, 0x70, 0x32, 0x70, 0x32, 0x50, 0x32, 0x50, 0x32,
  0x4f, 0x2a, 0x71, 0x32, 0x07, 0x11, 0x00, 0x00, 0x00, 0x00, 0x00, 0x00, 0x00, 0x00, 0x00, 0x00, 0x00, 0x00, 0x00, 0x00, 0x00, 0x00, 0x00, 0x00,
  0x00, 0x00, 0x00, 0x00, 0x00, 0x00, 0x00, 0x00, 0x00, 0x00, 0x00, 0x00, 0x00, 0x00, 0x00, 0x00, 0x00, 0x00, 0x00, 0x00, 0x00, 0x00, 0x00, 0x00,
  0x00, 0x00, 0x00, 0x00, 0x00, 0x00, 0x00, 0x00, 0x00, 0x00, 0x00, 0x00, 0x00, 0x00, 0x00, 0x00, 0x00, 0x00, 0x8e, 0x2a, 0x9a, 0x54, 0x38, 0x4c,
  0x58, 0x54, 0x78, 0x54, 0x78, 0x54, 0x78, 0x54, 0x78, 0x54, 0xba, 0x5c, 0xd4, 0x4b, 0x00, 0x00, 0x00, 0x00, 0x00, 0x00, 0x00, 0x00, 0x00, 0x00,
  0x00, 0x00, 0x00, 0x00, 0x00, 0x00, 0x00, 0x00, 0x00, 0x00, 0x00, 0x00, 0x00, 0x00, 0x00, 0x00, 0x00, 0x00, 0x00, 0x00, 0x00, 0x00, 0x00, 0x00,
  0x00, 0x00, 0x00, 0x00, 0x00, 0x00, 0x00, 0x00, 0x00, 0x00, 0x00, 0x00, 0x00, 0x00, 0x00, 0x00, 0x00, 0x00, 0x00, 0x00, 0x00, 0x00, 0x00, 0x00,
  0x2f, 0x4b, 0x3d, 0x96, 0xbb, 0x8d, 0xdb, 0x8d, 0xdb, 0x8d, 0xdb, 0x95, 0xdb, 0x95, 0xfb, 0x95, 0xdb, 0x95, 0x5d, 0x9e, 0xed, 0x4a, 0x00, 0x00,
  0x00, 0x00, 0x00, 0x00, 0x00, 0x00, 0x00, 0x00, 0x00, 0x00, 0x00, 0x00, 0x00, 0x00, 0x00, 0x00, 0x00, 0x00, 0x00, 0x00, 0x00, 0x00, 0x00, 0x00,
  0x00, 0x00, 0x00, 0x00, 0x00, 0x00, 0x00, 0x00, 0x00, 0x00, 0x00, 0x00, 0x00, 0x00, 0x00, 0x00, 0x00, 0x00, 0x00, 0x00, 0x00, 0x00, 0x00, 0x00,
  0x00, 0x00, 0x00, 0x00, 0x00, 0x00, 0x00, 0x00, 0x00, 0x00, 0x00, 0x00, 0x00, 0x00, 0xaf, 0x63, 0x5f, 0xc7, 0xdd, 0xbe, 0xfd, 0xbe, 0xfd, 0xbe,
  0xfd, 0xbe, 0xfd, 0xc6, 0xfe, 0xc6, 0xfd, 0xbe, 0x9f, 0xd7, 0xd0, 0x6b, 0x00, 0x00, 0x00, 0x00, 0x00, 0x00, 0x00, 0x00, 0x00, 0x00, 0x00, 0x00,
  0x00, 0x00, 0x00, 0x00, 0x00, 0x00, 0x77, 0x9d, 0x7f, 0xd7, 0x1d, 0xc7, 0x1e, 0xc7, 0x1e, 0xc7, 0x1d, 0xc7, 0xfd, 0xc6, 0xfd, 0xc6, 0x5f, 0xcf,
  0x15, 0x8d, 0x00, 0x00, 0x00, 0x00, 0x00, 0x00, 0x00, 0x00, 0x00, 0x00, 0x00, 0x00, 0x00, 0x00, 0x00, 0x00, 0x00, 0x00, 0x00, 0x00, 0x00, 0x00,
  0x00, 0x00, 0x00, 0x00, 0x00, 0x00, 0x00, 0x00, 0x00, 0x00, 0x00, 0x00, 0x00, 0x00, 0x00, 0x00, 0x00, 0x00, 0x00, 0x00, 0x82, 0x08, 0xb8, 0x9d,
  0x9c, 0xb6, 0x3b, 0xae, 0x5b, 0xae, 0x5b, 0xae, 0x3b, 0xae, 0x3b, 0xae, 0x3b, 0xae, 0x1b, 0xae, 0x3b, 0xae, 0xfa, 0xa5, 0xe3, 0x18, 0x00, 0x00,
  0xd5, 0x84, 0x5c, 0xae, 0xfa, 0xa5, 0xfa, 0xa5, 0xfa, 0xa5, 0xfa, 0xa5, 0xfa, 0xa5, 0xda, 0x9d, 0x3b, 0xae, 0x29, 0x3a, 0x00, 0x00, 0x00, 0x00,
  0x00, 0x00, 0x00, 0x00, 0x00, 0x00, 0x00, 0x00, 0x00, 0x00, 0x00, 0x00, 0x00, 0x00, 0x00, 0x00, 0x05, 0x19, 0x35, 0x6c, 0xf4, 0x63, 0x15, 0x64,
  0x15, 0x64, 0x15, 0x64, 0xf4, 0x63, 0xf4, 0x63, 0xf4, 0x63, 0xd4, 0x63, 0x15, 0x64, 0x26, 0x19, 0x00, 0x00, 0x00, 0x00, 0x00, 0x00, 0x00, 0x00,
  0x00, 0x00, 0x00, 0x00, 0x00, 0x00, 0x00, 0x00, 0x00, 0x00, 0x00, 0x00, 0x00, 0x00, 0x00, 0x00, 0x00, 0x00, 0x00, 0x00, 0x00, 0x00, 0x00, 0x00,
  0x00, 0x00, 0x00, 0x00, 0x00, 0x00, 0x00, 0x00, 0x00, 0x00, 0x00, 0x00, 0x00, 0x00, 0x00, 0x00, 0x00, 0x00, 0x00, 0x00, 0x00, 0x00, 0x00, 0x00,
  0x00, 0x00, 0x00, 0x00, 0x0d, 0x2a, 0xb1, 0x3a, 0x90, 0x32, 0x70, 0x32, 0x70, 0x32, 0x70, 0x32, 0x50, 0x32, 0x50, 0x32, 0x4f, 0x2a, 0x50, 0x2a,
  0xee, 0x29, 0x00, 0x00, 0x00, 0x00, 0x00, 0x00, 0x00, 0x00, 0x00, 0x00, 0x00, 0x00, 0x00, 0x00, 0x00, 0x00, 0x00, 0x00, 0x00, 0x00, 0x00, 0x00,
  0x00, 0x00, 0x00, 0x00, 0x00, 0x00, 0x00, 0x00, 0x00, 0x00, 0x00, 0x00, 0x00, 0x00, 0x00, 0x00, 0x00, 0x00, 0x00, 0x00, 0x00, 0x00, 0x00, 0x00,
  0x00, 0x00, 0x00, 0x00, 0x00, 0x00, 0x00, 0x00, 0x00, 0x00, 0x00, 0x00, 0x00, 0x00, 0x8e, 0x2a, 0x9a, 0x54, 0x38, 0x4c, 0x58, 0x54, 0x78, 0x54,
  0x78, 0x54, 0x78, 0x54, 0x78, 0x54, 0xba, 0x5c, 0xd4, 0x4b, 0x00, 0x00, 0x00, 0x00, 0x00, 0x00, 0x00, 0x00, 0x00, 0x00, 0x00, 0x00, 0x00, 0x00,
  0x00, 0x00, 0x00, 0x00, 0x00, 0x00, 0x00, 0x00, 0x00, 0x00, 0x00, 0x00, 0x00, 0x00, 0x00, 0x00, 0x00, 0x00, 0x00, 0x00, 0x00, 0x00, 0x00, 0x00,
  0x00, 0x00, 0x00, 0x00, 0x00, 0x00, 0x00, 0x00, 0x00, 0x00, 0x00, 0x00, 0x00, 0x00, 0x00, 0x00, 0x00, 0x00, 0x00, 0x00, 0x46, 0x21, 0xfc, 0x95,
  0xbb, 0x8d, 0xdb, 0x8d, 0xdb, 0x8d, 0xdb, 0x95, 0xdb, 0x95, 0xfb, 0x95, 0xfb, 0x95, 0x1c, 0x96, 0xba, 0x8d, 0xa3, 0x10, 0x00, 0x00, 0x00, 0x00,
  0x00, 0x00, 0x00, 0x00, 0x00, 0x00, 0x00, 0x00, 0x00, 0x00, 0x00, 0x00, 0x00, 0x00, 0x00, 0x00, 0x00, 0x00, 0x00, 0x00, 0x00, 0x00, 0x00, 0x00,
  0x00, 0x00, 0x00, 0x00, 0x00, 0x00, 0x00, 0x00, 0x00, 0x00, 0x00, 0x00, 0x00, 0x00, 0x00, 0x00, 0x00, 0x00, 0x00, 0x00, 0x00, 0x00, 0x00, 0x00,
  0x00, 0x00, 0x00, 0x00, 0x00, 0x00, 0x00, 0x00, 0xe3, 0x10, 0x9c, 0xb6, 0xfe, 0xbe, 0xdd, 0xbe, 0xfd, 0xbe, 0xfd, 0xbe, 0xfd, 0xbe, 0xfd, 0xc6,
  0xfe, 0xc6, 0xfd, 0xc6, 0x3e, 0xcf, 0x86, 0x29, 0x00, 0x00, 0x00, 0x00, 0x00, 0x00, 0x00, 0x00, 0x00, 0x00, 0x00, 0x00, 0x00, 0x00, 0x00, 0x00,
  0x00, 0x00, 0x77, 0x9d, 0x7f, 0xd7, 0x1d, 0xc7, 0x1e, 0xc7, 0x1e, 0xc7, 0x1e, 0xc7, 0x1d, 0xc7, 0xfd, 0xc6, 0x5f, 0xcf, 0x15, 0x8d, 0x00, 0x00,
  0x00, 0x00, 0x00, 0x00, 0x00, 0x00, 0x00, 0x00, 0x00, 0x00, 0x00, 0x00, 0x00, 0x00, 0x00, 0x00, 0x00, 0x00, 0x00, 0x00, 0x00, 0x00, 0x00, 0x00,
  0x00, 0x00, 0x00, 0x00, 0x00, 0x00, 0x00, 0x00, 0x00, 0x00, 0x00, 0x00, 0x00, 0x00, 0x00, 0x00, 0x00, 0x00, 0x66, 0x21, 0x7c, 0xb6, 0x5b, 0xae,
  0x3b, 0xae, 0x5b, 0xae, 0x3b, 0xae, 0x3b, 0xae, 0x3b, 0xae, 0x3b, 0xae, 0x1a, 0xa6, 0x7c, 0xb6, 0xd5, 0x84, 0x00, 0x00, 0x73, 0x7c, 0x5c, 0xae,
  0xfa, 0xa5, 0xfa, 0xa5, 0xfa, 0xa5, 0xfa, 0xa5, 0xfa, 0xa5, 0xda, 0x9d, 0x3b, 0xae, 0x29, 0x3a, 0x00, 0x00, 0x00, 0x00, 0x00, 0x00, 0x00, 0x00,
  0x00, 0x00, 0x00, 0x00, 0x00, 0x00, 0x00, 0x00, 0x00, 0x00, 0x00, 0x00, 0xce, 0x42, 0x36, 0x6c, 0xf4, 0x63, 0x15, 0x64, 0x15, 0x64, 0x15, 0x64,
  0xf4, 0x63, 0xf4, 0x63, 0xd4, 0x63, 0xf5, 0x63, 0x31, 0x53, 0x00, 0x00, 0x00, 0x00, 0x00, 0x00, 0x00, 0x00, 0x00, 0x00, 0x00, 0x00, 0x00, 0x00,
  0x00, 0x00, 0x00, 0x00, 0x00, 0x00, 0x00, 0x00, 0x00, 0x00, 0x00, 0x00, 0x00, 0x00, 0x00, 0x00, 0x00, 0x00, 0x00, 0x00, 0x00, 0x00, 0x00, 0x00,
  0x00, 0x00, 0x00, 0x00, 0x00, 0x00, 0x00, 0x00, 0x00, 0x00, 0x00, 0x00, 0x00, 0x00, 0x00, 0x00, 0x00, 0x00, 0x00, 0x00, 0x00, 0x00, 0x00, 0x00,
  0xe6, 0x10, 0xb1, 0x3a, 0x70, 0x32, 0x70, 0x32, 0x70, 0x32, 0x70, 0x32, 0x50, 0x32, 0x50, 0x32, 0x50, 0x2a, 0x2f, 0x2a, 0x50, 0x2a, 0xc6, 0x10,
  0x00, 0x00, 0x00, 0x00, 0x00, 0x00, 0x00, 0x00, 0x00, 0x00, 0x00, 0x00, 0x00, 0x00, 0x00, 0x00, 0x00, 0x00, 0x00, 0x00, 0x00, 0x00, 0x00, 0x00,
  0x00, 0x00, 0x00, 0x00, 0x00, 0x00, 0x00, 0x00, 0x00, 0x00, 0x00, 0x00, 0x00, 0x00, 0x00, 0x00, 0x00, 0x00, 0x00, 0x00, 0x00, 0x00, 0x00, 0x00,
  0x00, 0x00, 0x00, 0x00, 0x00, 0x00, 0x00, 0x00, 0x00, 0x00, 0x8e, 0x2a, 0x9a, 0x54, 0x38, 0x4c, 0x58, 0x54, 0x78, 0x54, 0x78, 0x54, 0x78, 0x54,
  0x78, 0x54, 0xba, 0x5c, 0xd4, 0x4b, 0x00, 0x00, 0x00, 0x00, 0x00, 0x00, 0x00, 0x00, 0x00, 0x00, 0x00, 0x00, 0x00, 0x00, 0x00, 0x00, 0x00, 0x00,
  0x00, 0x00, 0x00, 0x00, 0x00, 0x00, 0x00, 0x00, 0x00, 0x00, 0x00, 0x00, 0x00, 0x00, 0x00, 0x00, 0x00, 0x00, 0x00, 0x00, 0x00, 0x00, 0x00, 0x00,
  0x00, 0x00, 0x00, 0x00, 0x00, 0x00, 0x00, 0x00, 0x00, 0x00, 0x00, 0x00, 0x00, 0x00, 0x00, 0x00, 0x00, 0x00, 0xb6, 0x74, 0xfc, 0x95, 0xbb, 0x8d,
  0xdb, 0x8d, 0xdb, 0x95, 0xdb, 0x95, 0xfb, 0x95, 0xfb, 0x95, 0xdb, 0x95, 0x5d, 0x9e, 0x54, 0x6c, 0x00, 0x00, 0x00, 0x00, 0x00, 0x00, 0x00, 0x00,
  0x00, 0x00, 0x00, 0x00, 0x00, 0x00, 0x00, 0x00, 0x00, 0x00, 0x00, 0x00, 0x00, 0x00, 0x00, 0x00, 0x00, 0x00, 0x00, 0x00, 0x00, 0x00, 0x00, 0x00,
  0x00, 0x00, 0x00, 0x00, 0x00, 0x00, 0x00, 0x00, 0x00, 0x00, 0x00, 0x00, 0x00, 0x00, 0x00, 0x00, 0x00, 0x00, 0x00, 0x00, 0x00, 0x00, 0x00, 0x00,
  0x00, 0x00, 0x00, 0x00, 0x16, 0x8d, 0x3f, 0xc7, 0xbd, 0xbe, 0xdd, 0xbe, 0xfd, 0xbe, 0xfd, 0xbe, 0xfd, 0xbe, 0xfe, 0xc6, 0xfd, 0xbe, 0x5f, 0xcf,
  0xb8, 0x9d, 0x00, 0x00, 0x00, 0x00, 0x00, 0x00, 0x00, 0x00, 0x00, 0x00, 0x00, 0x00, 0x00, 0x00, 0x00, 0x00, 0x00, 0x00, 0x00, 0x00, 0x77, 0x9d,
  0x7f, 0xd7, 0x1d, 0xc7, 0x1e, 0xc7, 0x1e, 0xc7, 0x1d, 0xc7, 0xfd, 0xc6, 0xfd, 0xc6, 0x5f, 0xcf, 0x15, 0x8d, 0x00, 0x00, 0x00, 0x00, 0x00, 0x00,
  0x00, 0x00, 0x00, 0x00, 0x00, 0x00, 0x00, 0x00, 0x00, 0x00, 0x00, 0x00, 0x00, 0x00, 0x00, 0x00, 0x00, 0x00, 0x00, 0x00, 0x00, 0x00, 0x00, 0x00,
  0x00, 0x00, 0x00, 0x00, 0x00, 0x00, 0x00, 0x00, 0x00, 0x00, 0x00, 0x00, 0x00, 0x00, 0x00, 0x00, 0x8b, 0x42, 0xbd, 0xbe, 0x3b, 0xae, 0x5b, 0xae,
  0x3b, 0xae, 0x3b, 0xae, 0x3b, 0xae, 0x3b, 0xae, 0x3b, 0xae, 0x1a, 0xa6, 0x7c, 0xb6, 0x4e, 0x5b, 0xb5, 0x84, 0x5c, 0xae, 0xfa, 0xa5, 0xfa, 0xa5,
  0xfa, 0xa5, 0xfa, 0xa5, 0xfa, 0xa5, 0xda, 0x9d, 0x3b, 0xae, 0x29, 0x3a, 0x00, 0x00, 0x00, 0x00, 0x00, 0x00, 0x00, 0x00, 0x00, 0x00, 0x00, 0x00,
  0x00, 0x00, 0x00, 0x00, 0x00, 0x00, 0xa3, 0x10, 0x15, 0x64, 0x15, 0x64, 0xf4, 0x63, 0x15, 0x64, 0x15, 0x64, 0x15, 0x64, 0xf4, 0x63, 0xf4, 0x63,
  0xd4, 0x63, 0x15, 0x64, 0x88, 0x29, 0x00, 0x00, 0x00, 0x00, 0x00, 0x00, 0x00, 0x00, 0x00, 0x00, 0x00, 0x00, 0x00, 0x00, 0x00, 0x00, 0x00, 0x00,
  0x00, 0x00, 0x00, 0x00, 0x00, 0x00, 0x00, 0x00, 0x00, 0x00, 0x00, 0x00, 0x00, 0x00, 0x00, 0x00, 0x00, 0x00, 0x00, 0x00, 0x00, 0x00, 0x00, 0x00,
  0x00, 0x00, 0x00, 0x00, 0x00, 0x00, 0x00, 0x00, 0x00, 0x00, 0x00, 0x00, 0x00, 0x00, 0x00, 0x00, 0x00, 0x00, 0x00, 0x00, 0x00, 0x00, 0x2e, 0x32,
  0x91, 0x3a, 0x70, 0x32, 0x70, 0x32, 0x70, 0x32, 0x50, 0x32, 0x50, 0x32, 0x50, 0x2a, 0x2f, 0x2a, 0x50, 0x2a, 0xcc, 0x21, 0x00, 0x00, 0x00, 0x00,
  0x00, 0x00, 0x00, 0x00, 0x00, 0x00, 0x00, 0x00, 0x00, 0x00, 0x00, 0x00, 0x00, 0x00, 0x00, 0x00, 0x00, 0x00, 0x00, 0x00, 0x00, 0x00, 0x00, 0x00,
  0x00, 0x00, 0x00, 0x00, 0x00, 0x00, 0x00, 0x00, 0x00, 0x00, 0x00, 0x00, 0x00, 0x00, 0x00, 0x00, 0x00, 0x00, 0x00, 0x00, 0x00, 0x00, 0x00, 0x00,
  0x00, 0x00, 0x00, 0x00, 0x00, 0x00, 0x8e, 0x2a, 0x9a, 0x54, 0x38, 0x4c, 0x58, 0x54, 0x78, 0x54, 0x78, 0x54, 0x78, 0x54, 0x78, 0x54, 0xba, 0x5c,
  0xd4, 0x4b, 0x00, 0x00, 0x00, 0x00, 0x00, 0x00, 0x00, 0x00, 0x00, 0x00, 0x00, 0x00, 0x00, 0x00, 0x00, 0x00, 0x00, 0x00, 0x00, 0x00, 0x00, 0x00,
  0x00, 0x00, 0x00, 0x00, 0x00, 0x00, 0x00, 0x00, 0x00, 0x00, 0x00, 0x00, 0x00, 0x00, 0x00, 0x00, 0x00, 0x00, 0x00, 0x00, 0x00, 0x00, 0x00, 0x00,
  0x00, 0x00, 0x00, 0x00, 0x00, 0x00, 0x00, 0x00, 0x00, 0x00, 0x00, 0x00, 0x00, 0x00, 0x6b, 0x3a, 0x3d, 0x96, 0xbb, 0x8d, 0xdb, 0x8d, 0xdb, 0x95,
  0xdb, 0x95, 0xfb, 0x95, 0xfb, 0x95, 0xfc, 0x95, 0xfb, 0x95, 0x7d, 0xa6, 0x90, 0x5b, 0x00, 0x00, 0x00, 0x00, 0x00, 0x00, 0x00, 0x00, 0x00, 0x00,
  0x00, 0x00, 0x00, 0x00, 0x00, 0x00, 0x00, 0x00, 0x00, 0x00, 0x00, 0x00, 0x00, 0x00, 0x00, 0x00, 0x00, 0x00, 0x00, 0x00, 0x00, 0x00, 0x00, 0x00,
  0x00, 0x00, 0x00, 0x00, 0x00, 0x00, 0x00, 0x00, 0x00, 0x00, 0x00, 0x00, 0x00, 0x00, 0x00, 0x00, 0x00, 0x00, 0x00, 0x00, 0x00, 0x00, 0x11, 0x6c,
  0x3f, 0xc7, 0xbd, 0xb6, 0xdd, 0xbe, 0xdd, 0xbe, 0xfd, 0xbe, 0xfd, 0xbe, 0xfd, 0xbe, 0xfd, 0xc6, 0xdd, 0xbe, 0x9f, 0xcf, 0xec, 0x52, 0x00, 0x00,
  0x00, 0x00, 0x00, 0x00, 0x00, 0x00, 0x00, 0x00, 0x00, 0x00, 0x00, 0x00, 0x00, 0x00, 0x00, 0x00, 0x00, 0x00, 0x77, 0x9d, 0x7f, 0xd7, 0x1d, 0xc7,
  0x1e, 0xc7, 0x1e, 0xc7, 0x1d, 0xc7, 0x1d, 0xc7, 0xfd, 0xc6, 0x5f, 0xcf, 0x15, 0x8d, 0x00, 0x00, 0x00, 0x00, 0x00, 0x00, 0x00, 0x00, 0x00, 0x00,
  0x00, 0x00, 0x00, 0x00, 0x00, 0x00, 0x00, 0x00, 0x00, 0x00, 0x00, 0x00, 0x00, 0x00, 0x00, 0x00, 0x00, 0x00, 0x00, 0x00, 0x00, 0x00, 0x00, 0x00,
  0x00, 0x00, 0x00, 0x00, 0x00, 0x00, 0x00, 0x00, 0x00, 0x00, 0x00, 0x00, 0x00, 0x00, 0xf1, 0x6b, 0xbd, 0xbe, 0x3b, 0xae, 0x3b, 0xae, 0x3b, 0xae,
  0x3b, 0xae, 0x3b, 0xae, 0x3b, 0xae, 0x1b, 0xae, 0x1a, 0xa6, 0x7c, 0xb6, 0x3b, 0xae, 0xfa, 0xa5, 0xfa, 0xa5, 0xfa, 0xa5, 0xfa, 0xa5, 0xfa, 0xa5,
  0xfa, 0xa5, 0xda, 0x9d, 0x3b, 0xae, 0x29, 0x3a, 0x00, 0x00, 0x00, 0x00, 0x00, 0x00, 0x00, 0x00, 0x00, 0x00, 0x00, 0x00, 0x00, 0x00, 0x00, 0x00,
  0x00, 0x00, 0x6c, 0x3a, 0x56, 0x6c, 0xf4, 0x63, 0x15, 0x64, 0x15, 0x64, 0x15, 0x64, 0x15, 0x64, 0xf4, 0x63, 0xf4, 0x63, 0xf5, 0x63, 0x72, 0x5b,
  0x21, 0x00, 0x00, 0x00, 0x00, 0x00, 0x00, 0x00, 0x00, 0x00, 0x00, 0x00, 0x00, 0x00, 0x00, 0x00, 0x00, 0x00, 0x00, 0x00, 0x00, 0x00, 0x00, 0x00,
  0x00, 0x00, 0x00, 0x00, 0x00, 0x00, 0x00, 0x00, 0x00, 0x00, 0x00, 0x00, 0x00, 0x00, 0x00, 0x00, 0x00, 0x00, 0x00, 0x00, 0x00, 0x00, 0x00, 0x00,
  0x00, 0x00, 0x00, 0x00, 0x00, 0x00, 0x00, 0x00, 0x00, 0x00, 0x00, 0x00, 0x00, 0x00, 0x00, 0x00, 0x00, 0x00, 0x27, 0x19, 0xb1, 0x3a, 0x70, 0x32,
  0x70, 0x32, 0x70, 0x32, 0x50, 0x32, 0x50, 0x32, 0x50, 0x2a, 0x2f, 0x2a, 0x2f, 0x2a, 0x50, 0x2a, 0x84, 0x08, 0x00, 0x00, 0x00, 0x00, 0x00, 0x00,
  0x00, 0x00, 0x00, 0x00, 0x00, 0x00, 0x00, 0x00, 0x00, 0x00, 0x00, 0x00, 0x00, 0x00, 0x00, 0x00, 0x00, 0x00, 0x00, 0x00, 0x00, 0x00, 0x00, 0x00,
  0x00, 0x00, 0x00, 0x00, 0x00, 0x00, 0x00, 0x00, 0x00, 0x00, 0x00, 0x00, 0x00, 0x00, 0x00, 0x00, 0x00, 0x00, 0x00, 0x00, 0x00, 0x00, 0x00, 0x00,
  0x00, 0x00, 0x8e, 0x2a, 0x9a, 0x54, 0x38, 0x4c, 0x58, 0x54, 0x78, 0x54, 0x78, 0x54, 0x78, 0x54, 0x78, 0x54, 0xba, 0x5c, 0xd4, 0x4b, 0x00, 0x00,
  0x00, 0x00, 0x00, 0x00, 0x00, 0x00, 0x00, 0x00, 0x00, 0x00, 0x00, 0x00, 0x00, 0x00, 0x00, 0x00, 0x00, 0x00, 0x00, 0x00, 0x00, 0x00, 0x00, 0x00,
  0x00, 0x00, 0x00, 0x00, 0x00, 0x00, 0x00, 0x00, 0x00, 0x00, 0x00, 0x00, 0x00, 0x00, 0x00, 0x00, 0x00, 0x00, 0x00, 0x00, 0x00, 0x00, 0x00, 0x00,
  0x00, 0x00, 0x00, 0x00, 0x00, 0x00, 0x00, 0x00, 0x00, 0x00, 0x41, 0x00, 0x18, 0x7d, 0xfc, 0x95, 0xdb, 0x8d, 0xdb, 0x95, 0xdb, 0x95, 0xfb, 0x95,
  0xfb, 0x95, 0xfb, 0x95, 0xfc, 0x95, 0xfb, 0x95, 0x7d, 0xa6, 0x33, 0x6c, 0x62, 0x08, 0x00, 0x00, 0x00, 0x00, 0x00, 0x00, 0x00, 0x00, 0x00, 0x00,
  0x00, 0x00, 0x00, 0x00, 0x00, 0x00, 0x00, 0x00, 0x00, 0x00, 0x00, 0x00, 0x00, 0x00, 0x00, 0x00, 0x00, 0x00, 0x00, 0x00, 0x00, 0x00, 0x00, 0x00,
  0x00, 0x00, 0x00, 0x00, 0x00, 0x00, 0x00, 0x00, 0x00, 0x00, 0x00, 0x00, 0x00, 0x00, 0x62, 0x08, 0x93, 0x7c, 0x3f, 0xc7, 0xbd, 0xb6, 0xdd, 0xbe,
  0xdd, 0xbe, 0xdd, 0xbe, 0xfd, 0xbe, 0xfd, 0xbe, 0xfd, 0xbe, 0xfd, 0xbe, 0x3e, 0xc7, 0x5a, 0xae, 0x61, 0x08, 0x00, 0x00, 0x00, 0x00, 0x00, 0x00,
  0x00, 0x00, 0x00, 0x00, 0x00, 0x00, 0x00, 0x00, 0x00, 0x00, 0x00, 0x00, 0x00, 0x00, 0x77, 0x9d, 0x7f, 0xd7, 0x1d, 0xc7, 0x1e, 0xc7, 0x1e, 0xc7,
  0x1d, 0xc7, 0x1d, 0xc7, 0xfd, 0xc6, 0x5f, 0xcf, 0x15, 0x8d, 0x00, 0x00, 0x00, 0x00, 0x00, 0x00, 0x00, 0x00, 0x00, 0x00, 0x00, 0x00, 0x00, 0x00,
  0x00, 0x00, 0x00, 0x00, 0x00, 0x00, 0x00, 0x00, 0x00, 0x00, 0x00, 0x00, 0x00, 0x00, 0x00, 0x00, 0x00, 0x00, 0x00, 0x00, 0x00, 0x00, 0x00, 0x00,
  0x00, 0x00, 0x00, 0x00, 0x00, 0x00, 0x00, 0x00, 0x00, 0x00, 0x21, 0x00, 0x36, 0x8d, 0x9c, 0xb6, 0x3b, 0xae, 0x3b, 0xae, 0x3b, 0xae, 0x3b, 0xae,
  0x3b, 0xae, 0x1b, 0xae, 0x1b, 0xae, 0xfa, 0xa5, 0x1a, 0xa6, 0x1a, 0xa6, 0xfa, 0xa5, 0xfa, 0xa5, 0xfa, 0xa5, 0xfa, 0xa5, 0xfa, 0xa5, 0xda, 0x9d,
  0x3b, 0xae, 0x29, 0x3a, 0x00, 0x00, 0x00, 0x00, 0x00, 0x00, 0x00, 0x00, 0x00, 0x00, 0x00, 0x00, 0x00, 0x00, 0x00, 0x00, 0x62, 0x08, 0xd4, 0x63,
  0x15, 0x64, 0xf5, 0x63, 0x15, 0x64, 0x15, 0x64, 0x15, 0x64, 0x15, 0x64, 0xf4, 0x63, 0xd4, 0x63, 0x36, 0x6c, 0x0a, 0x32, 0x00, 0x00, 0x00, 0x00,
  0x00, 0x00, 0x00, 0x00, 0x00, 0x00, 0x00, 0x00, 0x00, 0x00, 0x00, 0x00, 0x00, 0x00, 0x00, 0x00, 0x00, 0x00, 0x00, 0x00, 0x00, 0x00, 0x00, 0x00,
  0x00, 0x00, 0x00, 0x00, 0x00, 0x00, 0x00, 0x00, 0x00, 0x00, 0x00, 0x00, 0x00, 0x00, 0x00, 0x00, 0x00, 0x00, 0x00, 0x00, 0x00, 0x00, 0x00, 0x00,
  0x00, 0x00, 0x00, 0x00, 0x00, 0x00, 0x00, 0x00, 0x00, 0x00, 0x00, 0x00, 0x00, 0x00, 0x21, 0x00, 0x6f, 0x32, 0x90, 0x32, 0x70, 0x32, 0x70, 0x32,
  0x50, 0x32, 0x50, 0x32, 0x50, 0x2a, 0x2f, 0x2a, 0x2f, 0x2a, 0x50, 0x2a, 0x8b, 0x19, 0x00, 0x00, 0x00, 0x00, 0x00, 0x00, 0x00, 0x00, 0x00, 0x00,
  0x00, 0x00, 0x00, 0x00, 0x00, 0x00, 0x00, 0x00, 0x00, 0x00, 0x00, 0x00, 0x00, 0x00, 0x00, 0x00, 0x00, 0x00, 0x00, 0x00, 0x00, 0x00, 0x00, 0x00,
  0x00, 0x00, 0x00, 0x00, 0x00, 0x00, 0x00, 0x00, 0x00, 0x00, 0x00, 0x00, 0x00, 0x00, 0x00, 0x00, 0x00, 0x00, 0x00, 0x00, 0x00, 0x00, 0x8e, 0x2a,
  0x9a, 0x54, 0x38, 0x4c, 0x58, 0x54, 0x78, 0x54, 0x78, 0x54, 0x78, 0x54, 0x78, 0x54, 0xba, 0x5c, 0xd4, 0x4b, 0x00, 0x00, 0x00, 0x00, 0x00, 0x00,
  0x00, 0x00, 0x00, 0x00, 0x00, 0x00, 0x00, 0x00, 0x00, 0x00, 0x00, 0x00, 0x00, 0x00, 0x00, 0x00, 0x00, 0x00, 0x00, 0x00, 0x00, 0x00, 0x00, 0x00,
  0x00, 0x00, 0x00, 0x00, 0x00, 0x00, 0x00, 0x00, 0x00, 0x00, 0x00, 0x00, 0x00, 0x00, 0x00, 0x00, 0x00, 0x00, 0x00, 0x00, 0x00, 0x00, 0x00, 0x00,
  0x00, 0x00, 0x00, 0x00, 0x00, 0x00, 0x00, 0x00, 0x2a, 0x32, 0x3d, 0x96, 0xbb, 0x8d, 0xdb, 0x95, 0xdb, 0x95, 0xfb, 0x95, 0xfb, 0x95, 0xfb, 0x95,
  0xfc, 0x95, 0xfc, 0x95, 0xfb, 0x95, 0x7d, 0xa6, 0x79, 0x8d, 0x6b, 0x3a, 0x20, 0x00, 0x00, 0x00, 0x00, 0x00, 0x00, 0x00, 0x00, 0x00, 0x00, 0x00,
  0x00, 0x00, 0x00, 0x00, 0x00, 0x00, 0x00, 0x00, 0x00, 0x00, 0x00, 0x00, 0x00, 0x00, 0x00, 0x00, 0x00, 0x00, 0x00, 0x00, 0x00, 0x00, 0x00, 0x00,
  0x00, 0x00, 0x00, 0x00, 0x00, 0x00, 0x20, 0x00, 0x8b, 0x42, 0xfa, 0xa5, 0x3f, 0xc7, 0xbd, 0xb6, 0xdd, 0xbe, 0xdd, 0xbe, 0xdd, 0xbe, 0xdd, 0xbe,
  0xfd, 0xbe, 0xfd, 0xbe, 0xfd, 0xbe, 0xdd, 0xbe, 0x7f, 0xcf, 0x8b, 0x4a, 0x00, 0x00, 0x00, 0x00, 0x00, 0x00, 0x00, 0x00, 0x00, 0x00, 0x00, 0x00,
  0x00, 0x00, 0x00, 0x00, 0x00, 0x00, 0x00, 0x00, 0x00, 0x00, 0x77, 0x9d, 0x7f, 0xd7, 0x1d, 0xc7, 0x1e, 0xc7, 0x1e, 0xc7, 0x1e, 0xc7, 0x1d, 0xc7,
  0xfd, 0xc6, 0x5f, 0xcf, 0x15, 0x8d, 0x00, 0x00, 0x00, 0x00, 0x00, 0x00, 0x00, 0x00, 0x00, 0x00, 0x00, 0x00, 0x00, 0x00, 0x00, 0x00, 0x00, 0x00,
  0x00, 0x00, 0x00, 0x00, 0x00, 0x00, 0x00, 0x00, 0x00, 0x00, 0x00, 0x00, 0x00, 0x00, 0x00, 0x00, 0x00, 0x00, 0x00, 0x00, 0x00, 0x00, 0x00, 0x00,
  0x00, 0x00, 0x00, 0x00, 0x00, 0x00, 0x00, 0x00, 0xe4, 0x18, 0x1a, 0xa6, 0x5c, 0xae, 0x3b, 0xae, 0x3b, 0xae, 0x3b, 0xae, 0x3b, 0xae, 0x1b, 0xae,
  0x1b, 0xae, 0x1b, 0xa6, 0x1a, 0xa6, 0x1a, 0xa6, 0xfa, 0xa5, 0xfa, 0xa5, 0xfa, 0xa5, 0xfa, 0xa5, 0xfa, 0xa5, 0xda, 0x9d, 0x3b, 0xae, 0x29, 0x3a,
  0x00, 0x00, 0x00, 0x00, 0x00, 0x00, 0x00, 0x00, 0x00, 0x00, 0x00, 0x00, 0x00, 0x00, 0x00, 0x00, 0xea, 0x31, 0x56, 0x6c, 0xf4, 0x63, 0x15, 0x64,
  0x15, 0x64, 0x15, 0x64, 0x15, 0x64, 0x15, 0x64, 0xf4, 0x63, 0xf4, 0x63, 0xd4, 0x5b, 0x62, 0x08, 0x00, 0x00, 0x00, 0x00, 0x00, 0x00, 0x00, 0x00,
  0x00, 0x00, 0x00, 0x00, 0x00, 0x00, 0x00, 0x00, 0x00, 0x00, 0x00, 0x00, 0x00, 0x00, 0x00, 0x00, 0x00, 0x00, 0x00, 0x00, 0x00, 0x00, 0x00, 0x00,
  0x00, 0x00, 0x00, 0x00, 0x00, 0x00, 0x00, 0x00, 0x00, 0x00, 0x00, 0x00, 0x00, 0x00, 0x00, 0x00, 0x00, 0x00, 0x00, 0x00, 0x00, 0x00, 0x00, 0x00,
  0x00, 0x00, 0x00, 0x00, 0x00, 0x00, 0x00, 0x00, 0x00, 0x00, 0x00, 0x00, 0x69, 0x19, 0xb1, 0x3a, 0x70, 0x32, 0x70, 0x32, 0x50, 0x32, 0x50, 0x32,
  0x50, 0x2a, 0x30, 0x2a, 0x2f, 0x2a, 0x2f, 0x2a, 0x2f, 0x2a, 0x63, 0x08, 0x00, 0x00, 0x00, 0x00, 0x00, 0x00, 0x00, 0x00, 0x00, 0x00, 0x00, 0x00,
  0x00, 0x00, 0x00, 0x00, 0x00, 0x00, 0x00, 0x00, 0x00, 0x00, 0x00, 0x00, 0x00, 0x00, 0x00, 0x00, 0x00, 0x00, 0x00, 0x00, 0x00, 0x00, 0x00, 0x00,
  0x00, 0x00, 0x00, 0x00, 0x00, 0x00, 0x00, 0x00, 0x00, 0x00, 0x00, 0x00, 0x00, 0x00, 0x00, 0x00, 0x00, 0x00, 0x8e, 0x2a, 0x9a, 0x54, 0x38, 0x4c,
  0x58, 0x54, 0x78, 0x54, 0x78, 0x54, 0x78, 0x54, 0x78, 0x54, 0xb9, 0x5c, 0xd4, 0x4b, 0x00, 0x00, 0x00, 0x00, 0x00, 0x00, 0x00, 0x00, 0x00, 0x00,
  0x00, 0x00, 0x00, 0x00, 0x00, 0x00, 0x00, 0x00, 0x00, 0x00, 0x00, 0x00, 0x00, 0x00, 0x00, 0x00, 0x00, 0x00, 0x00, 0x00, 0x00, 0x00, 0x00, 0x00,
  0x00, 0x00, 0x00, 0x00, 0x00, 0x00, 0x00, 0x00, 0x00, 0x00, 0x00, 0x00, 0x00, 0x00, 0x00, 0x00, 0x00, 0x00, 0x00, 0x00, 0x00, 0x00, 0x00, 0x00,
  0x00, 0x00, 0x00, 0x00, 0x00, 0x00, 0x34, 0x64, 0x3d, 0x9e, 0xbb, 0x8d, 0xfb, 0x95, 0xfb, 0x95, 0xfb, 0x95, 0xfb, 0x95, 0xfc, 0x95, 0xfc, 0x95,
  0x1c, 0x9e, 0xfb, 0x95, 0x3c, 0x9e, 0x7d, 0xa6, 0x38, 0x85, 0x2e, 0x53, 0x45, 0x21, 0x20, 0x00, 0x00, 0x00, 0x00, 0x00, 0x00, 0x00, 0x00, 0x00,
  0x00, 0x00, 0x00, 0x00, 0x00, 0x00, 0x00, 0x00, 0x00, 0x00, 0x00, 0x00, 0x00, 0x00, 0x00, 0x00, 0x00, 0x00, 0x00, 0x00, 0x21, 0x00, 0x66, 0x21,
  0x4e, 0x5b, 0xb9, 0x9d, 0x1f, 0xbf, 0xfe, 0xbe, 0xbd, 0xb6, 0xdd, 0xb6, 0xdd, 0xbe, 0xdd, 0xbe, 0xdd, 0xbe, 0xdd, 0xbe, 0xfd, 0xbe, 0xfd, 0xbe,
  0xdd, 0xbe, 0x7f, 0xcf, 0x15, 0x8d, 0x00, 0x00, 0x00, 0x00, 0x00, 0x00, 0x00, 0x00, 0x00, 0x00, 0x00, 0x00, 0x00, 0x00, 0x00, 0x00, 0x00, 0x00,
  0x00, 0x00, 0x00, 0x00, 0x00, 0x00, 0x77, 0x9d, 0x7f, 0xd7, 0x1d, 0xc7, 0x1e, 0xc7, 0x1e, 0xc7, 0x1e, 0xc7, 0x1d, 0xc7, 0xfd, 0xc6, 0x5f, 0xcf,
  0x15, 0x8d, 0x00, 0x00, 0x00, 0x00, 0x00, 0x00, 0x00, 0x00, 0x00, 0x00, 0x00, 0x00, 0x00, 0x00, 0x00, 0x00, 0x00, 0x00, 0x00, 0x00, 0x00, 0x00,
  0x00, 0x00, 0x00, 0x00, 0x00, 0x00, 0x00, 0x00, 0x00, 0x00, 0x00, 0x00, 0x00, 0x00, 0x00, 0x00, 0x00, 0x00, 0x00, 0x00, 0x00, 0x00, 0x00, 0x00,
  0x00, 0x00, 0x00, 0x00, 0x00, 0x00, 0x08, 0x32, 0x9c, 0xb6, 0x3b, 0xae, 0x3b, 0xae, 0x3b, 0xae, 0x3b, 0xae, 0x1b, 0xae, 0x1b, 0xae, 0x1b, 0xa6,
  0x1a, 0xa6, 0x1a, 0xa6, 0xfa, 0xa5, 0xfa, 0xa5, 0xfa, 0xa5, 0xfa, 0xa5, 0xfa, 0xa5, 0xda, 0x9d, 0x3b, 0xae, 0x29, 0x3a, 0x00, 0x00, 0x00, 0x00,
  0x00, 0x00, 0x00, 0x00, 0x00, 0x00, 0x00, 0x00, 0x00, 0x00, 0x21, 0x00, 0x92, 0x5b, 0x15, 0x6c, 0xf4, 0x63, 0x15, 0x64, 0x15, 0x64, 0x15, 0x64,
  0x15, 0x64, 0x15, 0x64, 0xf4, 0x63, 0x36, 0x6c, 0x6d, 0x3a, 0x00, 0x00, 0x00, 0x00, 0x00, 0x00, 0x00, 0x00, 0x00, 0x00, 0x00, 0x00, 0x00, 0x00,
  0x00, 0x00, 0x00, 0x00, 0x00, 0x00, 0x00, 0x00, 0x00, 0x00, 0x00, 0x00, 0x00, 0x00, 0x00, 0x00, 0x00, 0x00, 0x00, 0x00, 0x00, 0x00, 0x00, 0x00,
  0x00, 0x00, 0x00, 0x00, 0x00, 0x00, 0x00, 0x00, 0x00, 0x00, 0x00, 0x00, 0x00, 0x00, 0x00, 0x00, 0x00, 0x00, 0x00, 0x00, 0x00, 0x00, 0x00, 0x00,
  0x00, 0x00, 0x00, 0x00, 0x00, 0x00, 0x00, 0x00, 0x62, 0x08, 0x70, 0x32, 0x70, 0x32, 0x70, 0x32, 0x50, 0x32, 0x50, 0x32, 0x50, 0x2a, 0x50, 0x2a,
  0x2f, 0x2a, 0x2f, 0x2a, 0x50, 0x2a, 0x49, 0x19, 0x00, 0x00, 0x00, 0x00, 0x00, 0x00, 0x00, 0x00, 0x00, 0x00, 0x00, 0x00, 0x00, 0x00, 0x00, 0x00,
  0x00, 0x00, 0x00, 0x00, 0x00, 0x00, 0x00, 0x00, 0x00, 0x00, 0x00, 0x00, 0x00, 0x00, 0x00, 0x00, 0x00, 0x00, 0x00, 0x00, 0x00, 0x00, 0x00, 0x00,
  0x00, 0x00, 0x00, 0x00, 0x00, 0x00, 0x00, 0x00, 0x00, 0x00, 0x00, 0x00, 0x00, 0x00, 0x8e, 0x2a, 0x9a, 0x54, 0x38, 0x4c, 0x58, 0x54, 0x78, 0x54,
  0x78, 0x54, 0x78, 0x54, 0x78, 0x54, 0xba, 0x5c, 0xd4, 0x4b, 0x00, 0x00, 0x00, 0x00, 0x00, 0x00, 0x00, 0x00, 0x00, 0x00, 0x00, 0x00, 0x00, 0x00,
  0x00, 0x00, 0x00, 0x00, 0x00, 0x00, 0x00, 0x00, 0x00, 0x00, 0x00, 0x00, 0x00, 0x00, 0x00, 0x00, 0x00, 0x00, 0x00, 0x00, 0x00, 0x00, 0x00, 0x00,
  0x00, 0x00, 0x00, 0x00, 0x00, 0x00, 0x00, 0x00, 0x00, 0x00, 0x00, 0x00, 0x00, 0x00, 0x00, 0x00, 0x00, 0x00, 0x00, 0x00, 0x00, 0x00, 0x00, 0x00,
  0x00, 0x00, 0xa3, 0x10, 0x9a, 0x85, 0xfc, 0x95, 0xdb, 0x8d, 0xfb, 0x95, 0xfb, 0x95, 0xfb, 0x95, 0xfc, 0x95, 0xfc, 0x95, 0x1c, 0x9e, 0x1c, 0x9e,
  0x1b, 0x9e, 0x1b, 0x9e, 0x5d, 0xa6, 0x9e, 0xae, 0x5c, 0xa6, 0x78, 0x8d, 0x53, 0x74, 0x4f, 0x53, 0x8b, 0x42, 0xe8, 0x31, 0x87, 0x29, 0x46, 0x21,
  0x25, 0x21, 0x25, 0x21, 0x66, 0x21, 0x87, 0x29, 0x09, 0x32, 0xcc, 0x4a, 0x8f, 0x5b, 0xb4, 0x7c, 0xd9, 0x9d, 0xbd, 0xb6, 0x1f, 0xbf, 0xde, 0xbe,
  0x9d, 0xb6, 0xbd, 0xb6, 0xbd, 0xb6, 0xdd, 0xb6, 0xdd, 0xbe, 0xdd, 0xbe, 0xdd, 0xbe, 0xdd, 0xbe, 0xfd, 0xbe, 0xdd, 0xbe, 0x1e, 0xc7, 0x9c, 0xb6,
  0xc3, 0x10, 0x00, 0x00, 0x00, 0x00, 0x00, 0x00, 0x00, 0x00, 0x00, 0x00, 0x00, 0x00, 0x00, 0x00, 0x00, 0x00, 0x00, 0x00, 0x00, 0x00, 0x00, 0x00,
  0x00, 0x00, 0x77, 0x9d, 0x7f, 0xd7, 0x1d, 0xc7, 0x1e, 0xc7, 0x1e, 0xc7, 0x1d, 0xc7, 0x1d, 0xc7, 0xfd, 0xc6, 0x5f, 0xcf, 0x15, 0x8d, 0x00, 0x00,
  0x00, 0x00, 0x00, 0x00, 0x00, 0x00, 0x00, 0x00, 0x00, 0x00, 0x00, 0x00, 0x00, 0x00, 0x00, 0x00, 0x00, 0x00, 0x00, 0x00, 0x00, 0x00, 0x00, 0x00,
  0x00, 0x00, 0x00, 0x00, 0x00, 0x00, 0x00, 0x00, 0x00, 0x00, 0x00, 0x00, 0x00, 0x00, 0x00, 0x00, 0x00, 0x00, 0x00, 0x00, 0x00, 0x00, 0x00, 0x00,
  0x00, 0x00, 0x00, 0x00, 0x4e, 0x5b, 0xbd, 0xbe, 0x1a, 0xa6, 0x3b, 0xae, 0x3b, 0xae, 0x1b, 0xae, 0x1b, 0xae, 0x1b, 0xa6, 0x1a, 0xa6, 0x1a, 0xa6,
  0xfa, 0xa5, 0xfa, 0xa5, 0xfa, 0xa5, 0xfa, 0xa5, 0xfa, 0xa5, 0xda, 0x9d, 0x3b, 0xae, 0x29, 0x3a, 0x00, 0x00, 0x00, 0x00, 0x00, 0x00, 0x00, 0x00,
  0x00, 0x00, 0x00, 0x00, 0x00, 0x00, 0x88, 0x21, 0x56, 0x6c, 0xf4, 0x63, 0x15, 0x64, 0x15, 0x64, 0x15, 0x64, 0x15, 0x64, 0x15, 0x64, 0xf4, 0x63,
  0xf4, 0x63, 0xf5, 0x63, 0xc4, 0x10, 0x00, 0x00, 0x00, 0x00, 0x00, 0x00, 0x00, 0x00, 0x00, 0x00, 0x00, 0x00, 0x00, 0x00, 0x00, 0x00, 0x00, 0x00,
  0x00, 0x00, 0x00, 0x00, 0x00, 0x00, 0x00, 0x00, 0x00, 0x00, 0x00, 0x00, 0x00, 0x00, 0x00, 0x00, 0x00, 0x00, 0x00, 0x00, 0x00, 0x00, 0x00, 0x00,
  0x00, 0x00, 0x00, 0x00, 0x00, 0x00, 0x00, 0x00, 0x00, 0x00, 0x00, 0x00, 0x00, 0x00, 0x00, 0x00, 0x00, 0x00, 0x00, 0x00, 0x00, 0x00, 0x00, 0x00,
  0x00, 0x00, 0x00, 0x00, 0x00, 0x00, 0xab, 0x21, 0x91, 0x32, 0x50, 0x32, 0x50, 0x32, 0x50, 0x32, 0x50, 0x2a, 0x50, 0x2a, 0x2f, 0x2a, 0x2f, 0x2a,
  0x2f, 0x2a, 0x0f, 0x2a, 0x41, 0x00, 0x00, 0x00, 0x00, 0x00, 0x00, 0x00, 0x00, 0x00, 0x00, 0x00, 0x00, 0x00, 0x00, 0x00, 0x00, 0x00, 0x00, 0x00,
  0x00, 0x00, 0x00, 0x00, 0x00, 0x00, 0x00, 0x00, 0x00, 0x00, 0x00, 0x00, 0x00, 0x00, 0x00, 0x00, 0x00, 0x00, 0x00, 0x00, 0x00, 0x00, 0x00, 0x00,
  0x00, 0x00, 0x00, 0x00, 0x00, 0x00, 0x00, 0x00, 0x00, 0x00, 0x8e, 0x2a, 0x9a, 0x54, 0x38, 0x4c, 0x58, 0x54, 0x78, 0x54, 0x78, 0x54, 0x78, 0x54,
  0x78, 0x54, 0xba, 0x5c, 0xd4, 0x4b, 0x00, 0x00, 0x00, 0x00, 0x00, 0x00, 0x00, 0x00, 0x00, 0x00, 0x00, 0x00, 0x00, 0x00, 0x00, 0x00, 0x00, 0x00,
  0x00, 0x00, 0x00, 0x00, 0x00, 0x00, 0x00, 0x00, 0x00, 0x00, 0x00, 0x00, 0x00, 0x00, 0x00, 0x00, 0x00, 0x00, 0x00, 0x00, 0x00, 0x00, 0x00, 0x00,
  0x00, 0x00, 0x00, 0x00, 0x00, 0x00, 0x00, 0x00, 0x00, 0x00, 0x00, 0x00, 0x00, 0x00, 0x00, 0x00, 0x00, 0x00, 0x00, 0x00, 0x00, 0x00, 0x00, 0x00,
  0x87, 0x21, 0xfc, 0x95, 0xfc, 0x95, 0xdb, 0x95, 0xfb, 0x95, 0xfb, 0x95, 0xfc, 0x95, 0xfc, 0x95, 0x1c, 0x9e, 0x1c, 0x9e, 0x1c, 0x9e, 0x1c, 0x9e,
  0x1c, 0x9e, 0x1b, 0x9e, 0x3c, 0x9e, 0x7d, 0xa6, 0x9e, 0xae, 0xbe, 0xae, 0xbe, 0xae, 0x9e, 0xae, 0x9d, 0xae, 0x7d, 0xae, 0x7d, 0xae, 0x7d, 0xae,
  0x9d, 0xae, 0xbe, 0xb6, 0xde, 0xb6, 0xfe, 0xbe, 0xff, 0xbe, 0xfe, 0xbe, 0xde, 0xb6, 0x9d, 0xb6, 0x9c, 0xae, 0x9d, 0xb6, 0xbd, 0xb6, 0xbd, 0xb6,
  0xbd, 0xb6, 0xdd, 0xb6, 0xdd, 0xbe, 0xdd, 0xbe, 0xdd, 0xbe, 0xdd, 0xbe, 0xdd, 0xbe, 0xfe, 0xbe, 0x1e, 0xc7, 0xc8, 0x31, 0x00, 0x00, 0x00, 0x00,
  0x00, 0x00, 0x00, 0x00, 0x00, 0x00, 0x00, 0x00, 0x00, 0x00, 0x00, 0x00, 0x00, 0x00, 0x00, 0x00, 0x00, 0x00, 0x00, 0x00, 0x00, 0x00, 0x77, 0x9d,
  0x7f, 0xd7, 0x1d, 0xc7, 0x1e, 0xc7, 0x1e, 0xc7, 0x1d, 0xc7, 0xfd, 0xc6, 0xfd, 0xc6, 0x5f, 0xcf, 0x15, 0x8d, 0x00, 0x00, 0x00, 0x00, 0x00, 0x00,
  0x00, 0x00, 0x00, 0x00, 0x00, 0x00, 0x00, 0x00, 0x00, 0x00, 0x00, 0x00, 0x00, 0x00, 0x00, 0x00, 0x00, 0x00, 0x00, 0x00, 0x00, 0x00, 0x00, 0x00,
  0x00, 0x00, 0x00, 0x00, 0x00, 0x00, 0x00, 0x00, 0x00, 0x00, 0x00, 0x00, 0x00, 0x00, 0x00, 0x00, 0x00, 0x00, 0x00, 0x00, 0x00, 0x00, 0x00, 0x00,
  0x00, 0x00, 0x94, 0x7c, 0x9d, 0xb6, 0x1a, 0xa6, 0x3b, 0xae, 0x1b, 0xae, 0x1b, 0xae, 0x1b, 0xa6, 0x1a, 0xa6, 0x1a, 0xa6, 0xfa, 0xa5, 0xfa, 0xa5,
  0xfa, 0xa5, 0xfa, 0xa5, 0xfa, 0xa5, 0xda, 0x9d, 0x3b, 0xae, 0x29, 0x3a, 0x00, 0x00, 0x00, 0x00, 0x00, 0x00, 0x00, 0x00, 0x00, 0x00, 0x00, 0x00,
  0x00, 0x00, 0x51, 0x53, 0x35, 0x6c, 0xf4, 0x63, 0x15, 0x64, 0x15, 0x64, 0x15, 0x64, 0x15, 0x64, 0x15, 0x64, 0xf4, 0x63, 0x36, 0x6c, 0xcf, 0x4a,
  0x00, 0x00, 0x00, 0x00, 0x00, 0x00, 0x00, 0x00, 0x00, 0x00, 0x00, 0x00, 0x00, 0x00, 0x00, 0x00, 0x00, 0x00, 0x00, 0x00, 0x00, 0x00, 0x00, 0x00,
  0x00, 0x00, 0x00, 0x00, 0x00, 0x00, 0x00, 0x00, 0x00, 0x00, 0x00, 0x00, 0x00, 0x00, 0x00, 0x00, 0x00, 0x00, 0x00, 0x00, 0x00, 0x00, 0x00, 0x00,
  0x00, 0x00, 0x00, 0x00, 0x00, 0x00, 0x00, 0x00, 0x00, 0x00, 0x00, 0x00, 0x00, 0x00, 0x00, 0x00, 0x00, 0x00, 0x00, 0x00, 0x00, 0x00, 0x00, 0x00,
  0x00, 0x00, 0xa4, 0x08, 0x91, 0x32, 0x70, 0x32, 0x50, 0x32, 0x50, 0x32, 0x50, 0x2a, 0x4f, 0x2a, 0x2f, 0x2a, 0x2f, 0x2a, 0x0f, 0x2a, 0x50, 0x2a,
  0x08, 0x11, 0x00, 0x00, 0x00, 0x00, 0x00, 0x00, 0x00, 0x00, 0x00, 0x00, 0x00, 0x00, 0x00, 0x00, 0x00, 0x00, 0x00, 0x00, 0x00, 0x00, 0x00, 0x00,
  0x00, 0x00, 0x00, 0x00, 0x00, 0x00, 0x00, 0x00, 0x00, 0x00, 0x00, 0x00, 0x00, 0x00, 0x00, 0x00, 0x00, 0x00, 0x00, 0x00, 0x00, 0x00, 0x00, 0x00,
  0x00, 0x00, 0x00, 0x00, 0x00, 0x00, 0x8e, 0x2a, 0x9a, 0x54, 0x38, 0x4c, 0x58, 0x54, 0x78, 0x54, 0x78, 0x54, 0x78, 0x54, 0x78, 0x54, 0xba, 0x5c,
  0xd4, 0x4b, 0x00, 0x00, 0x00, 0x00, 0x00, 0x00, 0x00, 0x00, 0x00, 0x00, 0x00, 0x00, 0x00, 0x00, 0x00, 0x00, 0x00, 0x00, 0x00, 0x00, 0x00, 0x00,
  0x00, 0x00, 0x00, 0x00, 0x00, 0x00, 0x00, 0x00, 0x00, 0x00, 0x00, 0x00, 0x00, 0x00, 0x00, 0x00, 0x00, 0x00, 0x00, 0x00, 0x00, 0x00, 0x00, 0x00,
  0x00, 0x00, 0x00, 0x00, 0x00, 0x00, 0x00, 0x00, 0x00, 0x00, 0x00, 0x00, 0x00, 0x00, 0x00, 0x00, 0x00, 0x00, 0x00, 0x00, 0x00, 0x00, 0x09, 0x32,
  0x1c, 0x96, 0xfc, 0x95, 0xdb, 0x95, 0xfc, 0x95, 0xfc, 0x95, 0x1c, 0x96, 0x1c, 0x9e, 0x1c, 0x9e, 0x1c, 0x9e, 0x1c, 0x9e, 0x3c, 0x9e, 0x3c, 0x9e,
  0x3c, 0x9e, 0x3c, 0x9e, 0x3c, 0x9e, 0x3c, 0x9e, 0x3c, 0xa6, 0x3c, 0xa6, 0x5c, 0xa6, 0x5c, 0xa6, 0x7c, 0xa6, 0x7c, 0xae, 0x7c, 0xae, 0x7c, 0xae,
  0x7c, 0xae, 0x7c, 0xae, 0x7c, 0xae, 0x7c, 0xae, 0x9d, 0xae, 0x9d, 0xb6, 0xbd, 0xb6, 0xbd, 0xb6, 0xbd, 0xb6, 0xbd, 0xb6, 0xbd, 0xb6, 0xdd, 0xb6,
  0xdd, 0xbe, 0xdd, 0xbe, 0xdd, 0xbe, 0xdd, 0xbe, 0xfe, 0xbe, 0x1e, 0xc7, 0x49, 0x3a, 0x00, 0x00, 0x00, 0x00, 0x00, 0x00, 0x00, 0x00, 0x00, 0x00,
  0x00, 0x00, 0x00, 0x00, 0x00, 0x00, 0x00, 0x00, 0x00, 0x00, 0x00, 0x00, 0x00, 0x00, 0x00, 0x00, 0x00, 0x00, 0x77, 0x9d, 0x7f, 0xd7, 0x1d, 0xc7,
  0x1e, 0xc7, 0x1e, 0xc7, 0x1d, 0xc7, 0x1d, 0xc7, 0xfd, 0xc6, 0x5f, 0xcf, 0x15, 0x8d, 0x00, 0x00, 0x00, 0x00, 0x00, 0x00, 0x00, 0x00, 0x00, 0x00,
  0x00, 0x00, 0x00, 0x00, 0x00, 0x00, 0x00, 0x00, 0x00, 0x00, 0x00, 0x00, 0x00, 0x00, 0x00, 0x00, 0x00, 0x00, 0x00, 0x00, 0x00, 0x00, 0x00, 0x00,
  0x00, 0x00, 0x00, 0x00, 0x00, 0x00, 0x00, 0x00, 0x00, 0x00, 0x00, 0x00, 0x00, 0x00, 0x00, 0x00, 0x00, 0x00, 0x00, 0x00, 0x00, 0x00, 0x82, 0x08,
  0x98, 0x9d, 0x5c, 0xae, 0x1b, 0xae, 0x1b, 0xae, 0x1b, 0xae, 0x1b, 0xa6, 0x1a, 0xa6, 0x1a, 0xa6, 0xfa, 0xa5, 0xfa, 0xa5, 0xfa, 0xa5, 0xfa, 0xa5,
  0xfa, 0xa5, 0xda, 0x9d, 0x3b, 0xae, 0x29, 0x3a, 0x00, 0x00, 0x00, 0x00, 0x00, 0x00, 0x00, 0x00, 0x00, 0x00, 0x00, 0x00, 0x25, 0x19, 0x36, 0x6c,
  0xf4, 0x63, 0x15, 0x64, 0x15, 0x64, 0x15, 0x64, 0x15, 0x64, 0x15, 0x64, 0x15, 0x64, 0xf4, 0x63, 0x35, 0x6c, 0x26, 0x19, 0x00, 0x00, 0x00, 0x00,
  0x00, 0x00, 0x00, 0x00, 0x00, 0x00, 0x00, 0x00, 0x00, 0x00, 0x00, 0x00, 0x00, 0x00, 0x00, 0x00, 0x00, 0x00, 0x00, 0x00, 0x00, 0x00, 0x00, 0x00,
  0x00, 0x00, 0x00, 0x00, 0x00, 0x00, 0x00, 0x00, 0x00, 0x00, 0x00, 0x00, 0x00, 0x00, 0x00, 0x00, 0x00, 0x00, 0x00, 0x00, 0x00, 0x00, 0x00, 0x00,
  0x00, 0x00, 0x00, 0x00, 0x00, 0x00, 0x00, 0x00, 0x00, 0x00, 0x00, 0x00, 0x00, 0x00, 0x00, 0x00, 0x00, 0x00, 0x00, 0x00, 0x00, 0x00, 0x00, 0x00,
  0xec, 0x29, 0x91, 0x32, 0x50, 0x32, 0x50, 0x32, 0x50, 0x2a, 0x50, 0x2a, 0x2f, 0x2a, 0x2f, 0x2a, 0x2f, 0x2a, 0x30, 0x2a, 0xee, 0x21, 0x20, 0x00,
  0x00, 0x00, 0x00, 0x00, 0x00, 0x00, 0x00, 0x00, 0x00, 0x00, 0x00, 0x00, 0x00, 0x00, 0x00, 0x00, 0x00, 0x00, 0x00, 0x00, 0x00, 0x00, 0x00, 0x00,
  0x00, 0x00, 0x00, 0x00, 0x00, 0x00, 0x00, 0x00, 0x00, 0x00, 0x00, 0x00, 0x00, 0x00, 0x00, 0x00, 0x00, 0x00, 0x00, 0x00, 0x00, 0x00, 0x00, 0x00,
  0x00, 0x00, 0x8e, 0x2a, 0x9a, 0x54, 0x38, 0x4c, 0x58, 0x54, 0x78, 0x54, 0x78, 0x54, 0x78, 0x54, 0x78, 0x54, 0xba, 0x5c, 0xd4, 0x4b, 0x00, 0x00,
  0x00, 0x00, 0x00, 0x00, 0x00, 0x00, 0x00, 0x00, 0x00, 0x00, 0x00, 0x00, 0x00, 0x00, 0x00, 0x00, 0x00, 0x00, 0x00, 0x00, 0x00, 0x00, 0x00, 0x00,
  0x00, 0x00, 0x00, 0x00, 0x00, 0x00, 0x00, 0x00, 0x00, 0x00, 0x00, 0x00, 0x00, 0x00, 0x00, 0x00, 0x00, 0x00, 0x00, 0x00, 0x00, 0x00, 0x00, 0x00,
  0x00, 0x00, 0x00, 0x00, 0x00, 0x00, 0x00, 0x00, 0x00, 0x00, 0x00, 0x00, 0x00, 0x00, 0x00, 0x00, 0x00, 0x00, 0x00, 0x00, 0xe9, 0x31, 0xfb, 0x95,
  0x3c, 0x9e, 0xdb, 0x95, 0xfb, 0x95, 0xfc, 0x95, 0x1c, 0x9e, 0x1c, 0x9e, 0x1c, 0x9e, 0x1c, 0x9e, 0x3c, 0x9e, 0x3c, 0x9e, 0x3c, 0x9e, 0x3c, 0x9e,
  0x3c, 0xa6, 0x3c, 0xa6, 0x5c, 0xa6, 0x5c, 0xa6, 0x5c, 0xa6, 0x5c, 0xa6, 0x5c, 0xa6, 0x7c, 0xae, 0x7c, 0xae, 0x7c, 0xae, 0x7d, 0xae, 0x7d, 0xae,
  0x9d, 0xae, 0x9d, 0xae, 0x9d, 0xb6, 0x9d, 0xb6, 0xbd, 0xb6, 0xbd, 0xb6, 0xbd, 0xb6, 0xbd, 0xb6, 0xbd, 0xb6, 0xdd, 0xb6, 0xdd, 0xbe, 0xdd, 0xbe,
  0xbd, 0xb6, 0x3e, 0xc7, 0xfd, 0xbe, 0x29, 0x3a, 0x00, 0x00, 0x00, 0x00, 0x00, 0x00, 0x00, 0x00, 0x00, 0x00, 0x00, 0x00, 0x00, 0x00, 0x00, 0x00,
  0x00, 0x00, 0x00, 0x00, 0x00, 0x00, 0x00, 0x00, 0x00, 0x00, 0x00, 0x00, 0x00, 0x00, 0x77, 0x9d, 0x7f, 0xd7, 0x1d, 0xc7, 0x1e, 0xc7, 0x1e, 0xc7,
  0x1e, 0xc7, 0x1d, 0xc7, 0xfd, 0xc6, 0x5f, 0xcf, 0x15, 0x8d, 0x00, 0x00, 0x00, 0x00, 0x00, 0x00, 0x00, 0x00, 0x00, 0x00, 0x00, 0x00, 0x00, 0x00,
  0x00, 0x00, 0x00, 0x00, 0x00, 0x00, 0x00, 0x00, 0x00, 0x00, 0x00, 0x00, 0x00, 0x00, 0x00, 0x00, 0x00, 0x00, 0x00, 0x00, 0x00, 0x00, 0x00, 0x00,
  0x00, 0x00, 0x00, 0x00, 0x00, 0x00, 0x00, 0x00, 0x00, 0x00, 0x00, 0x00, 0x00, 0x00, 0x00, 0x00, 0x00, 0x00, 0x00, 0x00, 0x66, 0x29, 0x5b, 0xae,
  0x3b, 0xae, 0x1b, 0xae, 0x1b, 0xae, 0x1b, 0xa6, 0x1a, 0xa6, 0x1a, 0xa6, 0xfa, 0xa5, 0xfa, 0xa5, 0xfa, 0xa5, 0xfa, 0xa5, 0xfa, 0xa5, 0xda, 0x9d,
  0x3b, 0xae, 0x29, 0x3a, 0x00, 0x00, 0x00, 0x00, 0x00, 0x00, 0x00, 0x00, 0x00, 0x00, 0x00, 0x00, 0xef, 0x4a, 0x36, 0x6c, 0xf4, 0x63, 0x15, 0x64,
  0x15, 0x64, 0x15, 0x64, 0x15, 0x64, 0x15, 0x64, 0xf4, 0x63, 0x35, 0x6c, 0x31, 0x53, 0x00, 0x00, 0x00, 0x00, 0x00, 0x00, 0x00, 0x00, 0x00, 0x00,
  0x00, 0x00, 0x00, 0x00, 0x00, 0x00, 0x00, 0x00, 0x00, 0x00, 0x00, 0x00, 0x00, 0x00, 0x00, 0x00, 0x00, 0x00, 0x00, 0x00, 0x00, 0x00, 0x00, 0x00,
  0x00, 0x00, 0x00, 0x00, 0x00, 0x00, 0x00, 0x00, 0x00, 0x00, 0x00, 0x00, 0x00, 0x00, 0x00, 0x00, 0x00, 0x00, 0x00, 0x00, 0x00, 0x00, 0x00, 0x00,
  0x00, 0x00, 0x00, 0x00, 0x00, 0x00, 0x00, 0x00, 0x00, 0x00, 0x00, 0x00, 0x00, 0x00, 0x00, 0x00, 0x00, 0x00, 0x00, 0x00, 0xc5, 0x10, 0x91, 0x32,
  0x50, 0x32, 0x50, 0x32, 0x50, 0x2a, 0x4f, 0x2a, 0x2f, 0x2a, 0x2f, 0x2a, 0x2f, 0x2a, 0x0f, 0x2a, 0x50, 0x2a, 0xe6, 0x10, 0x00, 0x00, 0x00, 0x00,
  0x00, 0x00, 0x00, 0x00, 0x00, 0x00, 0x00, 0x00, 0x00, 0x00, 0x00, 0x00, 0x00, 0x00, 0x00, 0x00, 0x00, 0x00, 0x00, 0x00, 0x00, 0x00, 0x00, 0x00,
  0x00, 0x00, 0x00, 0x00, 0x00, 0x00, 0x00, 0x00, 0x00, 0x00, 0x00, 0x00, 0x00, 0x00, 0x00, 0x00, 0x00, 0x00, 0x00, 0x00, 0x00, 0x00, 0x8e, 0x2a,
  0x9a, 0x54, 0x38, 0x4c, 0x58, 0x54, 0x78, 0x54, 0x78, 0x54, 0x78, 0x54, 0x78, 0x54, 0xb9, 0x5c, 0xd4, 0x4b, 0x00, 0x00, 0x00, 0x00, 0x00, 0x00,
  0x00, 0x00, 0x00, 0x00, 0x00, 0x00, 0x00, 0x00, 0x00, 0x00, 0x00, 0x00, 0x00, 0x00, 0x00, 0x00, 0x00, 0x00, 0x00, 0x00, 0x00, 0x00, 0x00, 0x00,
  0x00, 0x00, 0x00, 0x00, 0x00, 0x00, 0x00, 0x00, 0x00, 0x00, 0x00, 0x00, 0x00, 0x00, 0x00, 0x00, 0x00, 0x00, 0x00, 0x00, 0x00, 0x00, 0x00, 0x00,
  0x00, 0x00, 0x00, 0x00, 0x00, 0x00, 0x00, 0x00, 0x00, 0x00, 0x00, 0x00, 0x00, 0x00, 0x00, 0x00, 0x00, 0x00, 0x46, 0x21, 0x38, 0x85, 0x7d, 0xa6,
  0xfb, 0x95, 0xfb, 0x95, 0x1c, 0x9e, 0x1c, 0x9e, 0x1c, 0x9e, 0x1c, 0x9e, 0x1c, 0x9e, 0x3c, 0x9e, 0x3c, 0x9e, 0x3c, 0x9e, 0x3c, 0xa6, 0x3c, 0xa6,
  0x5c, 0xa6, 0x5c, 0xa6, 0x5c, 0xa6, 0x5c, 0xa6, 0x5c, 0xa6, 0x7c, 0xae, 0x7c, 0xae, 0x7c, 0xae, 0x7d, 0xae, 0x9d, 0xae, 0x9d, 0xae, 0x9d, 0xae,
  0x9d, 0xb6, 0x9d, 0xb6, 0xbd, 0xb6, 0xbd, 0xb6, 0xbd, 0xb6, 0xbd, 0xb6, 0xbd, 0xb6, 0xdd, 0xb6, 0xbd, 0xb6, 0xdd, 0xbe, 0x5f, 0xcf, 0x1a, 0xa6,
  0x86, 0x29, 0x00, 0x00, 0x00, 0x00, 0x00, 0x00, 0x00, 0x00, 0x00, 0x00, 0x00, 0x00, 0x00, 0x00, 0x00, 0x00, 0x00, 0x00, 0x00, 0x00, 0x00, 0x00,
  0x00, 0x00, 0x00, 0x00, 0x00, 0x00, 0x00, 0x00, 0x00, 0x00, 0x77, 0x9d, 0x7f, 0xd7, 0x1d, 0xc7, 0x1e, 0xc7, 0x1e, 0xc7, 0x1d, 0xc7, 0x1d, 0xc7,
  0xfd, 0xc6, 0x5f, 0xcf, 0x15, 0x8d, 0x00, 0x00, 0x00, 0x00, 0x00, 0x00, 0x00, 0x00, 0x00, 0x00, 0x00, 0x00, 0x00, 0x00, 0x00, 0x00, 0x00, 0x00,
  0x00, 0x00, 0x00, 0x00, 0x00, 0x00, 0x00, 0x00, 0x00, 0x00, 0x00, 0x00, 0x00, 0x00, 0x00, 0x00, 0x00, 0x00, 0x00, 0x00, 0x00, 0x00, 0x00, 0x00,
  0x00, 0x00, 0x00, 0x00, 0x00, 0x00, 0x00, 0x00, 0x00, 0x00, 0x00, 0x00, 0x00, 0x00, 0x00, 0x00, 0x00, 0x00, 0xab, 0x4a, 0x9d, 0xb6, 0x1a, 0xa6,
  0x1b, 0xae, 0x1b, 0xa6, 0x1a, 0xa6, 0x1a, 0xa6, 0xfa, 0xa5, 0xfa, 0xa5, 0xfa, 0xa5, 0xfa, 0xa5, 0xfa, 0xa5, 0xda, 0x9d, 0x3b, 0xae, 0x29, 0x3a,
  0x00, 0x00, 0x00, 0x00, 0x00, 0x00, 0x00, 0x00, 0x00, 0x00, 0xc4, 0x10, 0x15, 0x6c, 0x15, 0x64, 0x15, 0x64, 0x15, 0x64, 0x15, 0x64, 0x15, 0x64,
  0x15, 0x64, 0x15, 0x64, 0xf4, 0x63, 0x56, 0x6c, 0x88, 0x29, 0x00, 0x00, 0x00, 0x00, 0x00, 0x00, 0x00, 0x00, 0x00, 0x00, 0x00, 0x00, 0x00, 0x00,
  0x00, 0x00, 0x00, 0x00, 0x00, 0x00, 0x00, 0x00, 0x00, 0x00, 0x00, 0x00, 0x00, 0x00, 0x00, 0x00, 0x00, 0x00, 0x00, 0x00, 0x00, 0x00, 0x00, 0x00,
  0x00, 0x00, 0x00, 0x00, 0x00, 0x00, 0x00, 0x00, 0x00, 0x00, 0x00, 0x00, 0x00, 0x00, 0x00, 0x00, 0x00, 0x00, 0x00, 0x00, 0x00, 0x00, 0x00, 0x00,
  0x00, 0x00, 0x00, 0x00, 0x00, 0x00, 0x00, 0x00, 0x00, 0x00, 0x00, 0x00, 0x00, 0x00, 0x00, 0x00, 0x00, 0x00, 0x0e, 0x2a, 0x70, 0x32, 0x50, 0x32,
  0x50, 0x2a, 0x30, 0x2a, 0x2f, 0x2a, 0x2f, 0x2a, 0x2f, 0x2a, 0x0f, 0x2a, 0x30, 0x2a, 0xcd, 0x21, 0x00, 0x00, 0x00, 0x00, 0x00, 0x00, 0x00, 0x00,
  0x00, 0x00, 0x00, 0x00, 0x00, 0x00, 0x00, 0x00, 0x00, 0x00, 0x00, 0x00, 0x00, 0x00, 0x00, 0x00, 0x00, 0x00, 0x00, 0x00, 0x00, 0x00, 0x00, 0x00,
  0x00, 0x00, 0x00, 0x00, 0x00, 0x00, 0x00, 0x00, 0x00, 0x00, 0x00, 0x00, 0x00, 0x00, 0x00, 0x00, 0x00, 0x00, 0x8e, 0x2a, 0x9a, 0x54, 0x38, 0x4c,
  0x58, 0x54, 0x78, 0x54, 0x78, 0x54, 0x78, 0x54, 0x78, 0x54, 0xba, 0x5c, 0xd4, 0x4b, 0x00, 0x00, 0x00, 0x00, 0x00, 0x00, 0x00, 0x00, 0x00, 0x00,
  0x00, 0x00, 0x00, 0x00, 0x00, 0x00, 0x00, 0x00, 0x00, 0x00, 0x00, 0x00, 0x00, 0x00, 0x00, 0x00, 0x00, 0x00, 0x00, 0x00, 0x00, 0x00, 0x00, 0x00,
  0x00, 0x00, 0x00, 0x00, 0x00, 0x00, 0x00, 0x00, 0x00, 0x00, 0x00, 0x00, 0x00, 0x00, 0x00, 0x00, 0x00, 0x00, 0x00, 0x00, 0x00, 0x00, 0x00, 0x00,
  0x00, 0x00, 0x00, 0x00, 0x00, 0x00, 0x00, 0x00, 0x00, 0x00, 0x00, 0x00, 0x00, 0x00, 0x00, 0x00, 0x41, 0x08, 0x90, 0x5b, 0x3c, 0x9e, 0x5d, 0x9e,
  0xfb, 0x95, 0xfb, 0x95, 0x1c, 0x9e, 0x1c, 0x9e, 0x1c, 0x9e, 0x3c, 0x9e, 0x3c, 0x9e, 0x3c, 0x9e, 0x3c, 0xa6, 0x3c, 0xa6, 0x5c, 0xa6, 0x5c, 0xa6,
  0x5c, 0xa6, 0x5c, 0xa6, 0x5c, 0xa6, 0x7c, 0xae, 0x7c, 0xae, 0x7c, 0xae, 0x7d, 0xae, 0x9d, 0xae, 0x9d, 0xae, 0x9d, 0xae, 0x9d, 0xb6, 0x9d, 0xb6,
  0xbd, 0xb6, 0xbd, 0xb6, 0xbd, 0xb6, 0xbd, 0xb6, 0xbd, 0xb6, 0xbd, 0xb6, 0x3f, 0xc7, 0x1e, 0xbf, 0x32, 0x74, 0x61, 0x08, 0x00, 0x00, 0x00, 0x00,
  0x00, 0x00, 0x00, 0x00, 0x00, 0x00, 0x00, 0x00, 0x00, 0x00, 0x00, 0x00, 0x00, 0x00, 0x00, 0x00, 0x00, 0x00, 0x00, 0x00, 0x00, 0x00, 0x00, 0x00,
  0x00, 0x00, 0x00, 0x00, 0x00, 0x00, 0x77, 0x9d, 0x7f, 0xd7, 0x1d, 0xc7, 0x1e, 0xc7, 0x1e, 0xc7, 0x1d, 0xc7, 0x1d, 0xc7, 0xfd, 0xc6, 0x5f, 0xcf,
  0x15, 0x8d, 0x00, 0x00, 0x00, 0x00, 0x00, 0x00, 0x00, 0x00, 0x00, 0x00, 0x00, 0x00, 0x00, 0x00, 0x00, 0x00, 0x00, 0x00, 0x00, 0x00, 0x00, 0x00,
  0x00, 0x00, 0x00, 0x00, 0x00, 0x00, 0x00, 0x00, 0x00, 0x00, 0x00, 0x00, 0x00, 0x00, 0x00, 0x00, 0x00, 0x00, 0x00, 0x00, 0x00, 0x00, 0x00, 0x00,
  0x00, 0x00, 0x00, 0x00, 0x00, 0x00, 0x00, 0x00, 0x00, 0x00, 0x00, 0x00, 0x00, 0x00, 0x00, 0x00, 0xf1, 0x6b, 0x9d, 0xb6, 0xfa, 0xa5, 0x1b, 0xa6,
  0x1a, 0xa6, 0x1a, 0xa6, 0xfa, 0xa5, 0xfa, 0xa5, 0xfa, 0xa5, 0xfa, 0xa5, 0xfa, 0xa5, 0xda, 0x9d, 0x3b, 0xae, 0x29, 0x3a, 0x00, 0x00, 0x00, 0x00,
  0x00, 0x00, 0x00, 0x00, 0x00, 0x00, 0x6d, 0x42, 0x56, 0x6c, 0xf4, 0x63, 0x15, 0x64, 0x15, 0x64, 0x15, 0x64, 0x15, 0x64, 0x15, 0x64, 0xf4, 0x63,
  0x15, 0x6c, 0x92, 0x5b, 0x21, 0x00, 0x00, 0x00, 0x00, 0x00, 0x00, 0x00, 0x00, 0x00, 0x00, 0x00, 0x00, 0x00, 0x00, 0x00, 0x00, 0x00, 0x00, 0x00,
  0x00, 0x00, 0x00, 0x00, 0x00, 0x00, 0x00, 0x00, 0x00, 0x00, 0x00, 0x00, 0x00, 0x00, 0x00, 0x00, 0x00, 0x00, 0x00, 0x00, 0x00, 0x00, 0x00, 0x00,
  0x00, 0x00, 0x00, 0x00, 0x00, 0x00, 0x00, 0x00, 0x00, 0x00, 0x00, 0x00, 0x00, 0x00, 0x00, 0x00, 0x00, 0x00, 0x00, 0x00, 0x00, 0x00, 0x00, 0x00,
  0x00, 0x00, 0x00, 0x00, 0x00, 0x00, 0x00, 0x00, 0x00, 0x00, 0x00, 0x00, 0x00, 0x00, 0x07, 0x11, 0x91, 0x32, 0x4f, 0x2a, 0x50, 0x2a, 0x30, 0x2a,
  0x2f, 0x2a, 0x2f, 0x2a, 0x2f, 0x2a, 0x2f, 0x2a, 0x0f, 0x2a, 0x50, 0x2a, 0xa4, 0x08, 0x00, 0x00, 0x00, 0x00, 0x00, 0x00, 0x00, 0x00, 0x00, 0x00,
  0x00, 0x00, 0x00, 0x00, 0x00, 0x00, 0x00, 0x00, 0x00, 0x00, 0x00, 0x00, 0x00, 0x00, 0x00, 0x00, 0x00, 0x00, 0x00, 0x00, 0x00, 0x00, 0x00, 0x00,
  0x00, 0x00, 0x00, 0x00, 0x00, 0x00, 0x00, 0x00, 0x00, 0x00, 0x00, 0x00, 0x00, 0x00, 0x8e, 0x2a, 0x9a, 0x54, 0x38, 0x4c, 0x58, 0x54, 0x58, 0x54,
  0x78, 0x54, 0x78, 0x54, 0x78, 0x54, 0xb9, 0x5c, 0xd4, 0x4b, 0x00, 0x00, 0x00, 0x00, 0x00, 0x00, 0x00, 0x00, 0x00, 0x00, 0x00, 0x00, 0x00, 0x00,
  0x00, 0x00, 0x00, 0x00, 0x00, 0x00, 0x00, 0x00, 0x00, 0x00, 0x00, 0x00, 0x00, 0x00, 0x00, 0x00, 0x00, 0x00, 0x00, 0x00, 0x00, 0x00, 0x00, 0x00,
  0x00, 0x00, 0x00, 0x00, 0x00, 0x00, 0x00, 0x00, 0x00, 0x00, 0x00, 0x00, 0x00, 0x00, 0x00, 0x00, 0x00, 0x00, 0x00, 0x00, 0x00, 0x00, 0x00, 0x00,
  0x00, 0x00, 0x00, 0x00, 0x00, 0x00, 0x00, 0x00, 0x00, 0x00, 0x00, 0x00, 0x00, 0x00, 0x00, 0x00, 0x66, 0x21, 0x74, 0x6c, 0x3d, 0x9e, 0x7d, 0xa6,
  0x3c, 0x9e, 0x1b, 0x9e, 0x1b, 0x9e, 0x1c, 0x9e, 0x3c, 0x9e, 0x3c, 0x9e, 0x3c, 0xa6, 0x3c, 0xa6, 0x5c, 0xa6, 0x5c, 0xa6, 0x5c, 0xa6, 0x5c, 0xa6,
  0x7c, 0xa6, 0x7c, 0xae, 0x7c, 0xae, 0x7c, 0xae, 0x7d, 0xae, 0x9d, 0xae, 0x9d, 0xae, 0x9d, 0xae, 0x9d, 0xb6, 0x9d, 0xb6, 0x9d, 0xb6, 0x9d, 0xb6,
  0x9d, 0xb6, 0xdd, 0xb6, 0x3f, 0xc7, 0xfe, 0xbe, 0x16, 0x8d, 0xa7, 0x29, 0x00, 0x00, 0x00, 0x00, 0x00, 0x00, 0x00, 0x00, 0x00, 0x00, 0x00, 0x00,
  0x00, 0x00, 0x00, 0x00, 0x00, 0x00, 0x00, 0x00, 0x00, 0x00, 0x00, 0x00, 0x00, 0x00, 0x00, 0x00, 0x00, 0x00, 0x00, 0x00, 0x00, 0x00, 0x00, 0x00,
  0x00, 0x00, 0x77, 0x9d, 0x7f, 0xd7, 0x1d, 0xc7, 0x1e, 0xc7, 0x1d, 0xc7, 0x1d, 0xc7, 0xfd, 0xc6, 0xdd, 0xc6, 0x5f, 0xcf, 0x15, 0x8d, 0x00, 0x00,
  0x00, 0x00, 0x00, 0x00, 0x00, 0x00, 0x00, 0x00, 0x00, 0x00, 0x00, 0x00, 0x00, 0x00, 0x00, 0x00, 0x00, 0x00, 0x00, 0x00, 0x00, 0x00, 0x00, 0x00,
  0x00, 0x00, 0x00, 0x00, 0x00, 0x00, 0x00, 0x00, 0x00, 0x00, 0x00, 0x00, 0x00, 0x00, 0x00, 0x00, 0x00, 0x00, 0x00, 0x00, 0x00, 0x00, 0x00, 0x00,
  0x00, 0x00, 0x00, 0x00, 0x00, 0x00, 0x00, 0x00, 0x00, 0x00, 0x00, 0x00, 0x41, 0x00, 0x16, 0x8d, 0x5c, 0xae, 0xfa, 0xa5, 0x1a, 0xa6, 0xfa, 0xa5,
  0xfa, 0xa5, 0xfa, 0xa5, 0xfa, 0xa5, 0xfa, 0xa5, 0xda, 0xa5, 0xda, 0x9d, 0x3b, 0xae, 0x29, 0x3a, 0x00, 0x00, 0x00, 0x00, 0x00, 0x00, 0x00, 0x00,
  0x62, 0x08, 0xf4, 0x63, 0x15, 0x64, 0xf4, 0x63, 0xf4, 0x63, 0x15, 0x64, 0x15, 0x64, 0x15, 0x64, 0x15, 0x64, 0xf4, 0x63, 0x56, 0x6c, 0x0a, 0x32,
  0x00, 0x00, 0x00, 0x00, 0x00, 0x00, 0x00, 0x00, 0x00, 0x00, 0x00, 0x00, 0x00, 0x00, 0x00, 0x00, 0x00, 0x00, 0x00, 0x00, 0x00, 0x00, 0x00, 0x00,
  0x00, 0x00, 0x00, 0x00, 0x00, 0x00, 0x00, 0x00, 0x00, 0x00, 0x00, 0x00, 0x00, 0x00, 0x00, 0x00, 0x00, 0x00, 0x00, 0x00, 0x00, 0x00, 0x00, 0x00,
  0x00, 0x00, 0x00, 0x00, 0x00, 0x00, 0x00, 0x00, 0x00, 0x00, 0x00, 0x00, 0x00, 0x00, 0x00, 0x00, 0x00, 0x00, 0x00, 0x00, 0x00, 0x00, 0x00, 0x00,
  0x00, 0x00, 0x00, 0x00, 0x00, 0x00, 0x00, 0x00, 0x00, 0x00, 0x21, 0x00, 0x2f, 0x2a, 0x50, 0x32, 0x50, 0x2a, 0x4f, 0x2a, 0x2f, 0x2a, 0x2f, 0x2a,
  0x2f, 0x2a, 0x2f, 0x2a, 0x0f, 0x2a, 0x30, 0x2a, 0x8b, 0x19, 0x00, 0x00, 0x00, 0x00, 0x00, 0x00, 0x00, 0x00, 0x00, 0x00, 0x00, 0x00, 0x00, 0x00,
  0x00, 0x00, 0x00, 0x00, 0x00, 0x00, 0x00, 0x00, 0x00, 0x00, 0x00, 0x00, 0x00, 0x00, 0x00, 0x00, 0x00, 0x00, 0x00, 0x00, 0x00, 0x00, 0x00, 0x00,
  0x00, 0x00, 0x00, 0x00, 0x00, 0x00, 0x00, 0x00, 0x00, 0x00, 0x8e, 0x2a, 0xba, 0x54, 0x58, 0x4c, 0x78, 0x54, 0x79, 0x54, 0x79, 0x54, 0x99, 0x54,
  0x99, 0x54, 0xda, 0x5c, 0xd5, 0x4b, 0x00, 0x00, 0x00, 0x00, 0x00, 0x00, 0x00, 0x00, 0x00, 0x00, 0x00, 0x00, 0x00, 0x00, 0x00, 0x00, 0x00, 0x00,
  0x00, 0x00, 0x00, 0x00, 0x00, 0x00, 0x00, 0x00, 0x00, 0x00, 0x00, 0x00, 0x00, 0x00, 0x00, 0x00, 0x00, 0x00, 0x00, 0x00, 0x00, 0x00, 0x00, 0x00,
  0x00, 0x00, 0x00, 0x00, 0x00, 0x00, 0x00, 0x00, 0x00, 0x00, 0x00, 0x00, 0x00, 0x00, 0x00, 0x00, 0x00, 0x00, 0x00, 0x00, 0x00, 0x00, 0x00, 0x00,
  0x00, 0x00, 0x00, 0x00, 0x00, 0x00, 0x00, 0x00, 0x00, 0x00, 0x00, 0x00, 0x00, 0x00, 0x00, 0x00, 0x87, 0x21, 0x12, 0x64, 0xdb, 0x95, 0x9e, 0xa6,
  0x9e, 0xa6, 0x5d, 0xa6, 0x3c, 0x9e, 0x3c, 0x9e, 0x3c, 0x9e, 0x3c, 0xa6, 0x3c, 0xa6, 0x5c, 0xa6, 0x5c, 0xa6, 0x5c, 0xa6, 0x5c, 0xa6, 0x7c, 0xae,
  0x7c, 0xae, 0x7c, 0xae, 0x7c, 0xae, 0x7c, 0xae, 0x7c, 0xae, 0x7c, 0xae, 0x9d, 0xae, 0xbd, 0xb6, 0xde, 0xb6, 0x1f, 0xbf, 0x3f, 0xc7, 0x7c, 0xae,
  0x93, 0x7c, 0xc7, 0x31, 0x00, 0x00, 0x00, 0x00, 0x00, 0x00, 0x00, 0x00, 0x00, 0x00, 0x00, 0x00, 0x00, 0x00, 0x00, 0x00, 0x00, 0x00, 0x00, 0x00,
  0x00, 0x00, 0x00, 0x00, 0x00, 0x00, 0x00, 0x00, 0x00, 0x00, 0x00, 0x00, 0x00, 0x00, 0x00, 0x00, 0x00, 0x00, 0x00, 0x00, 0x00, 0x00, 0x97, 0x9d,
  0x9f, 0xd7, 0x1e, 0xc7, 0x3e, 0xcf, 0x3e, 0xcf, 0x1e, 0xc7, 0x1e, 0xc7, 0xfd, 0xc6, 0x7f, 0xcf, 0x36, 0x95, 0x00, 0x00, 0x00, 0x00, 0x00, 0x00,
  0x00, 0x00, 0x00, 0x00, 0x00, 0x00, 0x00, 0x00, 0x00, 0x00, 0x00, 0x00, 0x00, 0x00, 0x00, 0x00, 0x00, 0x00, 0x00, 0x00, 0x00, 0x00, 0x00, 0x00,
  0x00, 0x00, 0x00, 0x00, 0x00, 0x00, 0x00, 0x00, 0x00, 0x00, 0x00, 0x00, 0x00, 0x00, 0x00, 0x00, 0x00, 0x00, 0x00, 0x00, 0x00, 0x00, 0x00, 0x00,
  0x00, 0x00, 0x00, 0x00, 0x00, 0x00, 0x00, 0x00, 0x00, 0x00, 0x04, 0x19, 0xfa, 0xa5, 0x3b, 0xae, 0x1b, 0xa6, 0x1b, 0xae, 0x1b, 0xa6, 0x1b, 0xa6,
  0xfa, 0xa5, 0xfa, 0xa5, 0xfa, 0xa5, 0xda, 0xa5, 0x3c, 0xae, 0x29, 0x3a, 0x00, 0x00, 0x00, 0x00, 0x00, 0x00, 0x00, 0x00, 0x0b, 0x32, 0x56, 0x6c,
  0xf4, 0x63, 0x15, 0x64, 0x15, 0x64, 0x15, 0x64, 0x15, 0x64, 0x15, 0x64, 0x15, 0x64, 0x15, 0x6c, 0xf4, 0x63, 0x62, 0x08, 0x00, 0x00, 0x00, 0x00,
  0x00, 0x00, 0x00, 0x00, 0x00, 0x00, 0x00, 0x00, 0x00, 0x00, 0x00, 0x00, 0x00, 0x00, 0x00, 0x00, 0x00, 0x00, 0x00, 0x00, 0x00, 0x00, 0x00, 0x00,
  0x00, 0x00, 0x00, 0x00, 0x00, 0x00, 0x00, 0x00, 0x00, 0x00, 0x00, 0x00, 0x00, 0x00, 0x00, 0x00, 0x00, 0x00, 0x00, 0x00, 0x00, 0x00, 0x00, 0x00,
  0x00, 0x00, 0x00, 0x00, 0x00, 0x00, 0x00, 0x00, 0x00, 0x00, 0x00, 0x00, 0x00, 0x00, 0x00, 0x00, 0x00, 0x00, 0x00, 0x00, 0x00, 0x00, 0x00, 0x00,
  0x00, 0x00, 0x00, 0x00, 0x00, 0x00, 0x00, 0x00, 0x49, 0x19, 0x91, 0x32, 0x50, 0x2a, 0x50, 0x2a, 0x30, 0x2a, 0x2f, 0x2a, 0x2f, 0x2a, 0x2f, 0x2a,
  0x2f, 0x2a, 0x2f, 0x2a, 0x2f, 0x2a, 0x83, 0x08, 0x00, 0x00, 0x00, 0x00, 0x00, 0x00, 0x00, 0x00, 0x00, 0x00, 0x00, 0x00, 0x00, 0x00, 0x00, 0x00,
  0x00, 0x00, 0x00, 0x00, 0x00, 0x00, 0x00, 0x00, 0x00, 0x00, 0x00, 0x00, 0x00, 0x00, 0x00, 0x00, 0x00, 0x00, 0x00, 0x00, 0x00, 0x00, 0x00, 0x00,
  0x00, 0x00, 0x00, 0x00, 0x00, 0x00, 0x6e, 0x2a, 0x79, 0x4c, 0x17, 0x4c, 0x37, 0x4c, 0x37, 0x4c, 0x57, 0x54, 0x58, 0x54, 0x57, 0x54, 0x99, 0x5c,
  0xb4, 0x43, 0x00, 0x00, 0x00, 0x00, 0x00, 0x00, 0x00, 0x00, 0x00, 0x00, 0x00, 0x00, 0x00, 0x00, 0x00, 0x00, 0x00, 0x00, 0x00, 0x00, 0x00, 0x00,
  0x00, 0x00, 0x00, 0x00, 0x00, 0x00, 0x00, 0x00, 0x00, 0x00, 0x00, 0x00, 0x00, 0x00, 0x00, 0x00, 0x00, 0x00, 0x00, 0x00, 0x00, 0x00, 0x00, 0x00,
  0x00, 0x00, 0x00, 0x00, 0x00, 0x00, 0x00, 0x00, 0x00, 0x00, 0x00, 0x00, 0x00, 0x00, 0x00, 0x00, 0x00, 0x00, 0x00, 0x00, 0x00, 0x00, 0x00, 0x00,
  0x00, 0x00, 0x00, 0x00, 0x00, 0x00, 0x00, 0x00, 0x00, 0x00, 0x00, 0x00, 0x00, 0x00, 0x00, 0x00, 0xa3, 0x10, 0x4a, 0x3a, 0x12, 0x64, 0x78, 0x8d,
  0x3c, 0x9e, 0x7d, 0xa6, 0x9e, 0xae, 0x9d, 0xae, 0x7d, 0xae, 0x7d, 0xa6, 0x7d, 0xa6, 0x7d, 0xa6, 0x7c, 0xae, 0x7d, 0xae, 0x7d, 0xae, 0x9d, 0xae,
  0x9d, 0xae, 0xbe, 0xb6, 0xde, 0xb6, 0xfe, 0xbe, 0xde, 0xb6, 0x9d, 0xb6, 0xd9, 0x9d, 0x73, 0x74, 0x8b, 0x42, 0xa3, 0x10, 0x00, 0x00, 0x00, 0x00,
  0x00, 0x00, 0x00, 0x00, 0x00, 0x00, 0x00, 0x00, 0x00, 0x00, 0x00, 0x00, 0x00, 0x00, 0x00, 0x00, 0x00, 0x00, 0x00, 0x00, 0x00, 0x00, 0x00, 0x00,
  0x00, 0x00, 0x00, 0x00, 0x00, 0x00, 0x00, 0x00, 0x00, 0x00, 0x00, 0x00, 0x00, 0x00, 0x00, 0x00, 0x00, 0x00, 0x56, 0x95, 0x3e, 0xcf, 0xdc, 0xbe,
  0xdd, 0xbe, 0xdc, 0xbe, 0xdc, 0xbe, 0xdc, 0xbe, 0xbc, 0xbe, 0x1e, 0xc7, 0xf5, 0x8c, 0x00, 0x00, 0x00, 0x00, 0x00, 0x00, 0x00, 0x00, 0x00, 0x00,
  0x00, 0x00, 0x00, 0x00, 0x00, 0x00, 0x00, 0x00, 0x00, 0x00, 0x00, 0x00, 0x00, 0x00, 0x00, 0x00, 0x00, 0x00, 0x00, 0x00, 0x00, 0x00, 0x00, 0x00,
  0x00, 0x00, 0x00, 0x00, 0x00, 0x00, 0x00, 0x00, 0x00, 0x00, 0x00, 0x00, 0x00, 0x00, 0x00, 0x00, 0x00, 0x00, 0x00, 0x00, 0x00, 0x00, 0x00, 0x00,
  0x00, 0x00, 0x00, 0x00, 0x00, 0x00, 0x00, 0x00, 0x09, 0x3a, 0x1a, 0xa6, 0xd9, 0x9d, 0xd9, 0x9d, 0xd9, 0x9d, 0xb9, 0x9d, 0xb9, 0x9d, 0xb9, 0x9d,
  0xb9, 0x9d, 0x99, 0x9d, 0xfa, 0xa5, 0x09, 0x3a, 0x00, 0x00, 0x00, 0x00, 0x00, 0x00, 0x41, 0x00, 0x92, 0x5b, 0xf4, 0x63, 0xd4, 0x63, 0xd4, 0x63,
  0xd4, 0x63, 0xd4, 0x63, 0xd4, 0x63, 0xd4, 0x63, 0xd4, 0x63, 0x15, 0x6c, 0x4c, 0x3a, 0x00, 0x00, 0x00, 0x00, 0x00, 0x00, 0x00, 0x00, 0x00, 0x00,
  0x00, 0x00, 0x00, 0x00, 0x00, 0x00, 0x00, 0x00, 0x00, 0x00, 0x00, 0x00, 0x00, 0x00, 0x00, 0x00, 0x00, 0x00, 0x00, 0x00, 0x00, 0x00, 0x00, 0x00,
  0x00, 0x00, 0x00, 0x00, 0x00, 0x00, 0x00, 0x00, 0x00, 0x00, 0x00, 0x00, 0x00, 0x00, 0x00, 0x00, 0x00, 0x00, 0x00, 0x00, 0x00, 0x00, 0x00, 0x00,
  0x00, 0x00, 0x00, 0x00, 0x00, 0x00, 0x00, 0x00, 0x00, 0x00, 0x00, 0x00, 0x00, 0x00, 0x00, 0x00, 0x00, 0x00, 0x00, 0x00, 0x00, 0x00, 0x00, 0x00,
  0x00, 0x00, 0x00, 0x00, 0x42, 0x00, 0x2f, 0x2a, 0x2f, 0x2a, 0x2f, 0x2a, 0x2f, 0x2a, 0x0f, 0x2a, 0x0f, 0x2a, 0x0f, 0x2a, 0x0f, 0x2a, 0x0e, 0x2a,
  0x2f, 0x2a, 0x6a, 0x19, 0x00, 0x00, 0x00, 0x00, 0x00, 0x00, 0x00, 0x00, 0x00, 0x00, 0x00, 0x00, 0x00, 0x00, 0x00, 0x00, 0x00, 0x00, 0x00, 0x00,
  0x00, 0x00, 0x00, 0x00, 0x00, 0x00, 0x00, 0x00, 0x00, 0x00, 0x00, 0x00, 0x00, 0x00, 0x00, 0x00, 0x00, 0x00, 0x00, 0x00, 0x00, 0x00, 0x00, 0x00,
  0x00, 0x00, 0x62, 0x00, 0xa4, 0x08, 0xa3, 0x08, 0xa3, 0x08, 0xa3, 0x08, 0xa3, 0x08, 0xa3, 0x08, 0xa3, 0x08, 0xa4, 0x08, 0x83, 0x08, 0x00, 0x00,
  0x00, 0x00, 0x00, 0x00, 0x00, 0x00, 0x00, 0x00, 0x00, 0x00, 0x00, 0x00, 0x00, 0x00, 0x00, 0x00, 0x00, 0x00, 0x00, 0x00, 0x00, 0x00, 0x00, 0x00,
  0x00, 0x00, 0x00, 0x00, 0x00, 0x00, 0x00, 0x00, 0x00, 0x00, 0x00, 0x00, 0x00, 0x00, 0x00, 0x00, 0x00, 0x00, 0x00, 0x00, 0x00, 0x00, 0x00, 0x00,
  0x00, 0x00, 0x00, 0x00, 0x00, 0x00, 0x00, 0x00, 0x00, 0x00, 0x00, 0x00, 0x00, 0x00, 0x00, 0x00, 0x00, 0x00, 0x00, 0x00, 0x00, 0x00, 0x00, 0x00,
  0x00, 0x00, 0x00, 0x00, 0x00, 0x00, 0x00, 0x00, 0x00, 0x00, 0x00, 0x00, 0x00, 0x00, 0x00, 0x00, 0x00, 0x00, 0x41, 0x00, 0x45, 0x21, 0x6b, 0x3a,
  0x6f, 0x5b, 0x53, 0x74, 0x17, 0x85, 0x78, 0x8d, 0xda, 0x9d, 0x1b, 0x9e, 0x3c, 0xa6, 0x3c, 0xa6, 0x3b, 0xa6, 0xfa, 0x9d, 0xb9, 0x95, 0x37, 0x8d,
  0x94, 0x7c, 0x90, 0x5b, 0x8b, 0x42, 0x45, 0x21, 0x41, 0x00, 0x00, 0x00, 0x00, 0x00, 0x00, 0x00, 0x00, 0x00, 0x00, 0x00, 0x00, 0x00, 0x00, 0x00,
  0x00, 0x00, 0x00, 0x00, 0x00, 0x00, 0x00, 0x00, 0x00, 0x00, 0x00, 0x00, 0x00, 0x00, 0x00, 0x00, 0x00, 0x00, 0x00, 0x00, 0x00, 0x00, 0x00, 0x00,
  0x00, 0x00, 0x00, 0x00, 0x00, 0x00, 0x00, 0x00, 0x00, 0x00, 0x00, 0x00, 0x00, 0x00, 0xc3, 0x10, 0x24, 0x21, 0x04, 0x19, 0x04, 0x19, 0x04, 0x19,
  0x04, 0x19, 0x04, 0x19, 0x04, 0x19, 0x24, 0x19, 0xc3, 0x10, 0x00, 0x00, 0x00, 0x00, 0x00, 0x00, 0x00, 0x00, 0x00, 0x00, 0x00, 0x00, 0x00, 0x00,
  0x00, 0x00, 0x00, 0x00, 0x00, 0x00, 0x00, 0x00, 0x00, 0x00, 0x00, 0x00, 0x00, 0x00, 0x00, 0x00, 0x00, 0x00, 0x00, 0x00, 0x00, 0x00, 0x00, 0x00,
  0x00, 0x00, 0x00, 0x00, 0x00, 0x00, 0x00, 0x00, 0x00, 0x00, 0x00, 0x00, 0x00, 0x00, 0x00, 0x00, 0x00, 0x00, 0x00, 0x00, 0x00, 0x00, 0x00, 0x00,
  0x00, 0x00, 0x00, 0x00, 0x00, 0x00, 0xc3, 0x10, 0xe4, 0x18, 0xe4, 0x18, 0xe4, 0x18, 0xe4, 0x18, 0xe4, 0x18, 0xe4, 0x18, 0xe4, 0x18, 0xe4, 0x18,
  0xe4, 0x18, 0x41, 0x08, 0x00, 0x00, 0x00, 0x00, 0x00, 0x00, 0x20, 0x00, 0xa3, 0x10, 0x83, 0x08, 0xa3, 0x10, 0xa3, 0x10, 0xa3, 0x10, 0xa3, 0x10,
  0xa3, 0x10, 0xa3, 0x10, 0x83, 0x08, 0xa3, 0x10, 0x21, 0x00, 0x00, 0x00, 0x00, 0x00, 0x00, 0x00, 0x00, 0x00, 0x00, 0x00, 0x00, 0x00, 0x00, 0x00,
  0x00, 0x00, 0x00, 0x00, 0x00, 0x00, 0x00, 0x00, 0x00, 0x00, 0x00, 0x00, 0x00, 0x00, 0x00, 0x00, 0x00, 0x00, 0x00, 0x00, 0x00, 0x00, 0x00, 0x00,
  0x00, 0x00, 0x00, 0x00, 0x00, 0x00, 0x00, 0x00, 0x00, 0x00, 0x00, 0x00, 0x00, 0x00, 0x00, 0x00, 0x00, 0x00, 0x00, 0x00, 0x00, 0x00, 0x00, 0x00,
  0x00, 0x00, 0x00, 0x00, 0x00, 0x00, 0x00, 0x00, 0x00, 0x00, 0x00, 0x00, 0x00, 0x00, 0x00, 0x00, 0x00, 0x00, 0x00, 0x00, 0x00, 0x00, 0x00, 0x00,
  0x00, 0x00, 0x42, 0x00, 0x62, 0x00, 0x42, 0x00, 0x42, 0x00, 0x42, 0x00, 0x42, 0x00, 0x42, 0x00, 0x42, 0x00, 0x42, 0x00, 0x42, 0x00, 0x42, 0x00
};

const lv_img_dsc_t img_tuna_logo = {
  .header.cf = LV_IMG_CF_TRUE_COLOR,
  .header.always_zero = 0,
  .header.reserved = 0,
  .header.w = 250,
  .header.h = 60,
  .data_size = 30000,
  .data = img_tuna_logo_map,
};
